Case_ID,agent_profile_id,Resource,machine_name,duration_seconds,Process Name,Window Title,URL,Window,Activity,Step,Window Element,mouse_click_count,keypress_count,copy_count,paste_count,Start Time,EndTime
1175,329ddf4b-3d10-482a-9626-3c0d587cf308,user1@apromore.com,LAPTOP1,0.441,WINWORD,Document1 - Word,,Microsoft Word,Status Waiting for Customer,Microsoft Word,Microsoft Word,0,0,0,0,2025-06-11T12:21:57.523000,2025-06-11T12:21:57.964000
1176,329ddf4b-3d10-482a-9626-3c0d587cf308,user1@apromore.com,LAPTOP1,0.149,msedge,Recently Viewed | Accounts | Salesforce and 12 more pages - Work - Microsoft​ Edge,https://apromore3-dev-ed.lightning.force.com/lightning/o/Contact/home,Salesforce,Status Escalated,Salesforce | Contacts | Recently Viewed,Salesforce | Contacts | Recently Viewed,0,0,0,0,2025-06-11T12:23:12.913000,2025-06-11T12:23:13.062000
1178,329ddf4b-3d10-482a-9626-3c0d587cf308,user1@apromore.com,LAPTOP1,0,EXCEL,Book1 - Excel,,Microsoft Excel,Status In Progress,Microsoft Excel,A2,0,0,0,0,2025-06-11T12:31:47.182000,2025-06-11T12:31:47.182000
1175,329ddf4b-3d10-482a-9626-3c0d587cf308,user1@apromore.com,LAPTOP1,1.389,msedge,Recent | Dashboards | Salesforce and 12 more pages - Work - Microsoft​ Edge,https://apromore3-dev-ed.lightning.force.com/lightning/o/Dashboard/home?queryScope=mru,Salesforce,Status On Hold,Salesforce | Dashboards,Salesforce | Dashboards,1,0,0,0,2025-06-11T12:21:08.375000,2025-06-11T12:21:09.764000
1176,329ddf4b-3d10-482a-9626-3c0d587cf308,user1@apromore.com,LAPTOP1,1.989,msedge,Recent | Reports | Salesforce and 12 more pages - Work - Microsoft​ Edge,https://apromore3-dev-ed.lightning.force.com/lightning/o/Report/home?queryScope=mru,Salesforce,Status Response Received,Salesforce | Reports,Salesforce | Reports,1,0,0,0,2025-06-11T12:24:05.015000,2025-06-11T12:24:07.004000
1178,329ddf4b-3d10-482a-9626-3c0d587cf308,user1@apromore.com,LAPTOP1,0,EXCEL,Book1 - Excel,,Microsoft Excel,Status In Progress,Microsoft Excel,B2,0,0,0,0,2025-06-11T12:31:48.677000,2025-06-11T12:31:48.677000
1178,329ddf4b-3d10-482a-9626-3c0d587cf308,user1@apromore.com,LAPTOP1,0,EXCEL,Book1 - Excel,,Microsoft Excel,Status In Progress,Microsoft Excel,B4,0,0,0,0,2025-06-11T12:32:10.124000,2025-06-11T12:32:10.124000
1178,329ddf4b-3d10-482a-9626-3c0d587cf308,user1@apromore.com,LAPTOP1,0,EXCEL,Book1 - Excel,,Microsoft Excel,Status In Progress,Microsoft Excel,B3,0,0,0,0,2025-06-11T12:32:10.578000,2025-06-11T12:32:10.578000
1176,329ddf4b-3d10-482a-9626-3c0d587cf308,user1@apromore.com,LAPTOP1,0.703,msedge,New Case | Salesforce and 12 more pages - Work - Microsoft​ Edge,https://apromore3-dev-ed.lightning.force.com/lightning/r/Case/500J300000E5HehIAF/view,Salesforce,Status Waiting for Customer,Salesforce | Case | New,Salesforce | Case | New,0,0,0,0,2025-06-11T12:22:44.617000,2025-06-11T12:22:45.320000
1178,329ddf4b-3d10-482a-9626-3c0d587cf308,user1@apromore.com,LAPTOP1,0,EXCEL,Book1 - Excel,,Microsoft Excel,Status Response Received,Microsoft Excel,C3,0,0,0,0,2025-06-11T12:32:08.247000,2025-06-11T12:32:08.247000
1175,329ddf4b-3d10-482a-9626-3c0d587cf308,user1@apromore.com,LAPTOP1,16.63,msedge,New Case | Salesforce and 12 more pages - Work - Microsoft​ Edge,https://apromore3-dev-ed.lightning.force.com/lightning/o/Case/new?count=1&nooverride=1&useRecordTypeCheck=1&navigationLocation=LIST_VIEW&backgroundContext=%2Flightning%2Fr%2FCase%2F500J3000006gBVTIA2%2Fview,Salesforce,Status Working,Salesforce | New,Salesforce | New,1,14,0,0,2025-06-11T12:19:42.780000,2025-06-11T12:19:59.410000
1175,329ddf4b-3d10-482a-9626-3c0d587cf308,user1@apromore.com,LAPTOP1,0.75,msedge,Recently Viewed | Cases | Salesforce and 12 more pages - Work - Microsoft​ Edge,https://apromore3-dev-ed.lightning.force.com/lightning/o/Case/list?filterName=__Recent,Salesforce,Status In Progress,Salesforce | Cases | Recently Viewed,Salesforce | Cases | Recently Viewed,1,0,0,0,2025-06-11T12:20:49.945000,2025-06-11T12:20:50.695000
1175,329ddf4b-3d10-482a-9626-3c0d587cf308,user1@apromore.com,LAPTOP1,0.206,msedge,Recently Viewed | Knowledge | Salesforce and 12 more pages - Work - Microsoft​ Edge,https://apromore3-dev-ed.lightning.force.com/lightning/o/Dashboard/home,Salesforce,Status On Hold,Salesforce | Dashboards | Recently Viewed,Salesforce | Dashboards | Recently Viewed,0,0,0,0,2025-06-11T12:21:07.416000,2025-06-11T12:21:07.622000
1178,329ddf4b-3d10-482a-9626-3c0d587cf308,user1@apromore.com,LAPTOP1,0,EXCEL,Book1 - Excel,,Microsoft Excel,Status Response Received,Microsoft Excel,B3,0,0,0,0,2025-06-11T12:31:47.576000,2025-06-11T12:31:47.576000
1177,329ddf4b-3d10-482a-9626-3c0d587cf308,user1@apromore.com,LAPTOP1,22.923,msedge,00001176 | Case | Salesforce and 12 more pages - Work - Microsoft​ Edge,https://apromore3-dev-ed.lightning.force.com/lightning/r/Case/500J300000E5HehIAF/view,Salesforce,Status Working,Salesforce | Case,Salesforce | Case,10,0,0,0,2025-06-11T12:23:41.586000,2025-06-11T12:24:04.509000
1177,329ddf4b-3d10-482a-9626-3c0d587cf308,user1@apromore.com,LAPTOP1,0.283,msedge,Recent | Reports | Salesforce and 12 more pages - Work - Microsoft​ Edge,https://apromore3-dev-ed.lightning.force.com/lightning/o/Report/home,Salesforce,Created.,Salesforce | Reports,Salesforce | Reports,0,0,0,0,2025-06-11T12:24:04.732000,2025-06-11T12:24:05.015000
1177,329ddf4b-3d10-482a-9626-3c0d587cf308,user1@apromore.com,LAPTOP1,1.989,msedge,Recent | Reports | Salesforce and 12 more pages - Work - Microsoft​ Edge,https://apromore3-dev-ed.lightning.force.com/lightning/o/Report/home?queryScope=mru,Salesforce,Status Working,Salesforce | Reports,Salesforce | Reports,1,0,0,0,2025-06-11T12:24:05.015000,2025-06-11T12:24:07.004000
1176,329ddf4b-3d10-482a-9626-3c0d587cf308,user1@apromore.com,LAPTOP1,1.958,msedge,Recent | Dashboards | Salesforce and 12 more pages - Work - Microsoft​ Edge,https://apromore3-dev-ed.lightning.force.com/lightning/o/Dashboard/home?queryScope=mru,Salesforce,Status Response Received,Salesforce | Dashboards,Salesforce | Dashboards,1,0,0,0,2025-06-11T12:24:07.065000,2025-06-11T12:24:09.023000
1178,329ddf4b-3d10-482a-9626-3c0d587cf308,user1@apromore.com,LAPTOP1,0,EXCEL,Book1 - Excel,,Microsoft Excel,Status In Progress,Microsoft Excel,D4,0,0,0,0,2025-06-11T12:32:09.156000,2025-06-11T12:32:09.156000
1175,329ddf4b-3d10-482a-9626-3c0d587cf308,user1@apromore.com,LAPTOP1,2.282,msedge,Smart Smartson | Contact | Salesforce and 12 more pages - Work - Microsoft​ Edge,https://apromore3-dev-ed.lightning.force.com/lightning/r/Contact/003J300000EOKAuIAP/view,Salesforce,Status In Progress,Salesforce | Contact,Salesforce | Contact,1,0,0,0,2025-06-11T12:20:45.680000,2025-06-11T12:20:47.962000
1175,329ddf4b-3d10-482a-9626-3c0d587cf308,user1@apromore.com,LAPTOP1,0.206,msedge,Recently Viewed | Knowledge | Salesforce and 12 more pages - Work - Microsoft​ Edge,https://apromore3-dev-ed.lightning.force.com/lightning/o/Dashboard/home,Salesforce,Status In Progress,Salesforce | Dashboards | Recently Viewed,Salesforce | Dashboards | Recently Viewed,0,0,0,0,2025-06-11T12:21:07.416000,2025-06-11T12:21:07.622000
1176,329ddf4b-3d10-482a-9626-3c0d587cf308,user1@apromore.com,LAPTOP1,0.784,msedge,Recently Viewed | Accounts | Salesforce and 12 more pages - Work - Microsoft​ Edge,https://apromore3-dev-ed.lightning.force.com/lightning/o/Account/list?filterName=__Recent,Salesforce,Status Waiting for Customer,Salesforce | Accounts | Recently Viewed,Salesforce | Accounts | Recently Viewed,0,0,0,0,2025-06-11T12:23:11.151000,2025-06-11T12:23:11.935000
1176,329ddf4b-3d10-482a-9626-3c0d587cf308,user1@apromore.com,LAPTOP1,0.149,msedge,Recently Viewed | Accounts | Salesforce and 12 more pages - Work - Microsoft​ Edge,https://apromore3-dev-ed.lightning.force.com/lightning/o/Contact/home,Salesforce,Status Waiting for Customer,Salesforce | Contacts | Recently Viewed,Salesforce | Contacts | Recently Viewed,0,0,0,0,2025-06-11T12:23:12.913000,2025-06-11T12:23:13.062000
1177,329ddf4b-3d10-482a-9626-3c0d587cf308,user1@apromore.com,LAPTOP1,15.066,msedge,00001177 | Case | Salesforce and 12 more pages - Work - Microsoft​ Edge,https://apromore3-dev-ed.lightning.force.com/lightning/r/Case/500J300000E5JYMIA3/view,Salesforce,Status In Progress,Salesforce | Case,Salesforce | Case,7,0,0,0,2025-06-11T12:24:52.229000,2025-06-11T12:25:07.295000
1176,329ddf4b-3d10-482a-9626-3c0d587cf308,user1@apromore.com,LAPTOP1,0.441,WINWORD,Document1 - Word,,Microsoft Word,Status Working,Microsoft Word,Microsoft Word,0,0,0,0,2025-06-11T12:21:57.523000,2025-06-11T12:21:57.964000
1176,329ddf4b-3d10-482a-9626-3c0d587cf308,user1@apromore.com,LAPTOP1,0.978,msedge,,https://apromore3-dev-ed.lightning.force.com/lightning/o/Account/list?filterName=__Recent,Salesforce,Status Escalated,Salesforce | Accounts,Salesforce | Accounts,1,0,0,0,2025-06-11T12:23:11.935000,2025-06-11T12:23:12.913000
1178,329ddf4b-3d10-482a-9626-3c0d587cf308,user1@apromore.com,LAPTOP1,0,EXCEL,Book1 - Excel,,Microsoft Excel,Status Waiting for Customer,Microsoft Excel,B2,0,0,0,0,2025-06-11T12:31:48.677000,2025-06-11T12:31:48.677000
1178,329ddf4b-3d10-482a-9626-3c0d587cf308,user1@apromore.com,LAPTOP1,0,EXCEL,Book1 - Excel,,Microsoft Excel,Status In Progress,Microsoft Excel,B5,0,0,0,0,2025-06-11T12:31:47.945000,2025-06-11T12:31:47.945000
1175,329ddf4b-3d10-482a-9626-3c0d587cf308,user1@apromore.com,LAPTOP1,0.441,WINWORD,Document1 - Word,,Microsoft Word,Status Response Received,Microsoft Word,Microsoft Word,0,0,0,0,2025-06-11T12:21:57.523000,2025-06-11T12:21:57.964000
1178,329ddf4b-3d10-482a-9626-3c0d587cf308,user1@apromore.com,LAPTOP1,0,EXCEL,Book1 - Excel,,Microsoft Excel,Status Waiting for Customer,Microsoft Excel,C2,0,0,0,0,2025-06-11T12:31:49.033000,2025-06-11T12:31:49.033000
1176,329ddf4b-3d10-482a-9626-3c0d587cf308,user1@apromore.com,LAPTOP1,0.978,msedge,,https://apromore3-dev-ed.lightning.force.com/lightning/o/Account/list?filterName=__Recent,Salesforce,Status In Progress,Salesforce | Accounts,Salesforce | Accounts,1,0,0,0,2025-06-11T12:23:11.935000,2025-06-11T12:23:12.913000
1177,329ddf4b-3d10-482a-9626-3c0d587cf308,user1@apromore.com,LAPTOP1,0.223,msedge,00001176 | Case | Salesforce and 12 more pages - Work - Microsoft​ Edge,https://apromore3-dev-ed.lightning.force.com/lightning/o/Report/home,Salesforce,Created.,Salesforce | Reports,Salesforce | Reports,0,0,0,0,2025-06-11T12:24:04.509000,2025-06-11T12:24:04.732000
1176,329ddf4b-3d10-482a-9626-3c0d587cf308,user1@apromore.com,LAPTOP1,0.283,msedge,Recent | Reports | Salesforce and 12 more pages - Work - Microsoft​ Edge,https://apromore3-dev-ed.lightning.force.com/lightning/o/Report/home,Salesforce,Status Response Received,Salesforce | Reports,Salesforce | Reports,0,0,0,0,2025-06-11T12:24:04.732000,2025-06-11T12:24:05.015000
1178,329ddf4b-3d10-482a-9626-3c0d587cf308,user1@apromore.com,LAPTOP1,3.814,EXCEL,Book1 - Excel,,Microsoft Excel,Status Response Received,Microsoft Excel,Microsoft Excel,7,0,0,0,2025-06-11T12:31:46.619000,2025-06-11T12:31:50.433000
1175,329ddf4b-3d10-482a-9626-3c0d587cf308,user1@apromore.com,LAPTOP1,0.126,msedge,Lightning Experience | Salesforce and 12 more pages - Work - Microsoft​ Edge,https://apromore3-dev-ed.lightning.force.com/lightning/o/Dashboard/home,Salesforce,Status On Hold,Salesforce | Dashboards,Salesforce | Dashboards,0,0,0,0,2025-06-11T12:21:07.622000,2025-06-11T12:21:07.748000
1176,329ddf4b-3d10-482a-9626-3c0d587cf308,user1@apromore.com,LAPTOP1,0.703,msedge,New Case | Salesforce and 12 more pages - Work - Microsoft​ Edge,https://apromore3-dev-ed.lightning.force.com/lightning/r/Case/500J300000E5HehIAF/view,Salesforce,Status In Progress,Salesforce | Case | New,Salesforce | Case | New,0,0,0,0,2025-06-11T12:22:44.617000,2025-06-11T12:22:45.320000
1176,329ddf4b-3d10-482a-9626-3c0d587cf308,user1@apromore.com,LAPTOP1,0.21,msedge,Lightning Experience | Salesforce and 12 more pages - Work - Microsoft​ Edge,https://apromore3-dev-ed.lightning.force.com/lightning/o/Contact/home,Salesforce,Status In Progress,Salesforce | Contacts,Salesforce | Contacts,0,0,0,0,2025-06-11T12:23:13.062000,2025-06-11T12:23:13.272000
1176,329ddf4b-3d10-482a-9626-3c0d587cf308,user1@apromore.com,LAPTOP1,0.21,msedge,Lightning Experience | Salesforce and 12 more pages - Work - Microsoft​ Edge,https://apromore3-dev-ed.lightning.force.com/lightning/o/Contact/home,Salesforce,Status Escalated,Salesforce | Contacts,Salesforce | Contacts,0,0,0,0,2025-06-11T12:23:13.062000,2025-06-11T12:23:13.272000
1176,329ddf4b-3d10-482a-9626-3c0d587cf308,user1@apromore.com,LAPTOP1,0.223,msedge,00001176 | Case | Salesforce and 12 more pages - Work - Microsoft​ Edge,https://apromore3-dev-ed.lightning.force.com/lightning/o/Report/home,Salesforce,Status Response Received,Salesforce | Reports,Salesforce | Reports,0,0,0,0,2025-06-11T12:24:04.509000,2025-06-11T12:24:04.732000
1177,329ddf4b-3d10-482a-9626-3c0d587cf308,user1@apromore.com,LAPTOP1,0.204,msedge,Recently Viewed | Cases | Salesforce and 12 more pages - Work - Microsoft​ Edge,https://apromore3-dev-ed.lightning.force.com/lightning/r/Case/500J300000E5HehIAF/view,Salesforce,Created.,Salesforce | Recently Viewed,Salesforce | Recently Viewed,0,0,0,0,2025-06-11T12:24:09.831000,2025-06-11T12:24:10.035000
1175,329ddf4b-3d10-482a-9626-3c0d587cf308,user1@apromore.com,LAPTOP1,2.282,msedge,Smart Smartson | Contact | Salesforce and 12 more pages - Work - Microsoft​ Edge,https://apromore3-dev-ed.lightning.force.com/lightning/r/Contact/003J300000EOKAuIAP/view,Salesforce,Status On Hold,Salesforce | Contact,Salesforce | Contact,1,0,0,0,2025-06-11T12:20:45.680000,2025-06-11T12:20:47.962000
1175,329ddf4b-3d10-482a-9626-3c0d587cf308,user1@apromore.com,LAPTOP1,0.627,msedge,Lightning Experience | Salesforce and 12 more pages - Work - Microsoft​ Edge,https://apromore3-dev-ed.lightning.force.com/lightning/o/Dashboard/home?queryScope=mru,Salesforce,Status On Hold,Salesforce | Dashboards,Salesforce | Dashboards,0,0,0,0,2025-06-11T12:21:07.748000,2025-06-11T12:21:08.375000
1177,329ddf4b-3d10-482a-9626-3c0d587cf308,user1@apromore.com,LAPTOP1,0.808,msedge,Recently Viewed | Cases | Salesforce and 12 more pages - Work - Microsoft​ Edge,https://apromore3-dev-ed.lightning.force.com/lightning/o/Case/list?filterName=__Recent,Salesforce,Status Working,Salesforce | Cases | Recently Viewed,Salesforce | Cases | Recently Viewed,1,0,0,0,2025-06-11T12:24:09.023000,2025-06-11T12:24:09.831000
1178,329ddf4b-3d10-482a-9626-3c0d587cf308,user1@apromore.com,LAPTOP1,0,EXCEL,Book1 - Excel,,Microsoft Excel,Status Response Received,Microsoft Excel,C4,0,0,0,0,2025-06-11T12:32:09.709000,2025-06-11T12:32:09.709000
1175,329ddf4b-3d10-482a-9626-3c0d587cf308,user1@apromore.com,LAPTOP1,0.627,msedge,Lightning Experience | Salesforce and 12 more pages - Work - Microsoft​ Edge,https://apromore3-dev-ed.lightning.force.com/lightning/o/Dashboard/home?queryScope=mru,Salesforce,Status In Progress,Salesforce | Dashboards,Salesforce | Dashboards,0,0,0,0,2025-06-11T12:21:07.748000,2025-06-11T12:21:08.375000
1176,329ddf4b-3d10-482a-9626-3c0d587cf308,user1@apromore.com,LAPTOP1,0.784,msedge,Recently Viewed | Accounts | Salesforce and 12 more pages - Work - Microsoft​ Edge,https://apromore3-dev-ed.lightning.force.com/lightning/o/Account/list?filterName=__Recent,Salesforce,Status In Progress,Salesforce | Accounts | Recently Viewed,Salesforce | Accounts | Recently Viewed,0,0,0,0,2025-06-11T12:23:11.151000,2025-06-11T12:23:11.935000
1176,329ddf4b-3d10-482a-9626-3c0d587cf308,user1@apromore.com,LAPTOP1,22.923,msedge,00001176 | Case | Salesforce and 12 more pages - Work - Microsoft​ Edge,https://apromore3-dev-ed.lightning.force.com/lightning/r/Case/500J300000E5HehIAF/view,Salesforce,Status Response Received,Salesforce | Case,Salesforce | Case,10,0,0,0,2025-06-11T12:23:41.586000,2025-06-11T12:24:04.509000
1178,329ddf4b-3d10-482a-9626-3c0d587cf308,user1@apromore.com,LAPTOP1,0,EXCEL,Book1 - Excel,,Microsoft Excel,Status Waiting for Customer,Microsoft Excel,C4,0,0,0,0,2025-06-11T12:32:09.709000,2025-06-11T12:32:09.709000
1175,329ddf4b-3d10-482a-9626-3c0d587cf308,user1@apromore.com,LAPTOP1,0.61,msedge,New Case | Salesforce and 12 more pages - Work - Microsoft​ Edge,https://apromore3-dev-ed.lightning.force.com/lightning/r/Case/500J300000E5JdzIAF/view,Salesforce,Status Escalated,Salesforce | Case | New,Salesforce | Case | New,0,0,0,0,2025-06-11T12:19:59.410000,2025-06-11T12:20:00.020000
1175,329ddf4b-3d10-482a-9626-3c0d587cf308,user1@apromore.com,LAPTOP1,0.126,msedge,Lightning Experience | Salesforce and 12 more pages - Work - Microsoft​ Edge,https://apromore3-dev-ed.lightning.force.com/lightning/o/Dashboard/home,Salesforce,Status In Progress,Salesforce | Dashboards,Salesforce | Dashboards,0,0,0,0,2025-06-11T12:21:07.622000,2025-06-11T12:21:07.748000
1176,329ddf4b-3d10-482a-9626-3c0d587cf308,user1@apromore.com,LAPTOP1,0.703,msedge,New Case | Salesforce and 12 more pages - Work - Microsoft​ Edge,https://apromore3-dev-ed.lightning.force.com/lightning/r/Case/500J300000E5HehIAF/view,Salesforce,Status Escalated,Salesforce | Case | New,Salesforce | Case | New,0,0,0,0,2025-06-11T12:22:44.617000,2025-06-11T12:22:45.320000
1177,329ddf4b-3d10-482a-9626-3c0d587cf308,user1@apromore.com,LAPTOP1,1.958,msedge,Recent | Dashboards | Salesforce and 12 more pages - Work - Microsoft​ Edge,https://apromore3-dev-ed.lightning.force.com/lightning/o/Dashboard/home?queryScope=mru,Salesforce,Created.,Salesforce | Dashboards,Salesforce | Dashboards,1,0,0,0,2025-06-11T12:24:07.065000,2025-06-11T12:24:09.023000
1178,329ddf4b-3d10-482a-9626-3c0d587cf308,user1@apromore.com,LAPTOP1,0,EXCEL,Book1 - Excel,,Microsoft Excel,Status In Progress,Microsoft Excel,B3,0,0,0,0,2025-06-11T12:31:47.576000,2025-06-11T12:31:47.576000
1178,329ddf4b-3d10-482a-9626-3c0d587cf308,user1@apromore.com,LAPTOP1,0,EXCEL,Book1 - Excel,,Microsoft Excel,Status In Progress,Microsoft Excel,C4,0,0,0,0,2025-06-11T12:32:09.709000,2025-06-11T12:32:09.709000
1175,329ddf4b-3d10-482a-9626-3c0d587cf308,user1@apromore.com,LAPTOP1,0.61,msedge,New Case | Salesforce and 12 more pages - Work - Microsoft​ Edge,https://apromore3-dev-ed.lightning.force.com/lightning/r/Case/500J300000E5JdzIAF/view,Salesforce,Status Working,Salesforce | Case | New,Salesforce | Case | New,0,0,0,0,2025-06-11T12:19:59.410000,2025-06-11T12:20:00.020000
1175,329ddf4b-3d10-482a-9626-3c0d587cf308,user1@apromore.com,LAPTOP1,1.422,msedge,,https://apromore3-dev-ed.lightning.force.com/lightning/o/Knowledge__kav/list?filterName=__Recent,Salesforce,Status On Hold,Salesforce | Knowledge,Salesforce | Knowledge,1,0,0,0,2025-06-11T12:21:05.994000,2025-06-11T12:21:07.416000
1176,329ddf4b-3d10-482a-9626-3c0d587cf308,user1@apromore.com,LAPTOP1,0.784,msedge,Recently Viewed | Accounts | Salesforce and 12 more pages - Work - Microsoft​ Edge,https://apromore3-dev-ed.lightning.force.com/lightning/o/Account/list?filterName=__Recent,Salesforce,Status Escalated,Salesforce | Accounts | Recently Viewed,Salesforce | Accounts | Recently Viewed,0,0,0,0,2025-06-11T12:23:11.151000,2025-06-11T12:23:11.935000
1178,329ddf4b-3d10-482a-9626-3c0d587cf308,user1@apromore.com,LAPTOP1,0,EXCEL,Book1 - Excel,,Microsoft Excel,Status Waiting for Customer,Microsoft Excel,A3,0,0,0,0,2025-06-11T12:31:48.387000,2025-06-11T12:31:48.387000
1178,329ddf4b-3d10-482a-9626-3c0d587cf308,user1@apromore.com,LAPTOP1,6.79,EXCEL,Book1 - Excel,,Microsoft Excel,Status In Progress,Microsoft Excel,Microsoft Excel,9,0,0,0,2025-06-11T12:32:06.113000,2025-06-11T12:32:12.903000
1178,329ddf4b-3d10-482a-9626-3c0d587cf308,user1@apromore.com,LAPTOP1,6.79,EXCEL,Book1 - Excel,,Microsoft Excel,Status Waiting for Customer,Microsoft Excel,Microsoft Excel,9,0,0,0,2025-06-11T12:32:06.113000,2025-06-11T12:32:12.903000
1176,329ddf4b-3d10-482a-9626-3c0d587cf308,user1@apromore.com,LAPTOP1,0.149,msedge,Recently Viewed | Accounts | Salesforce and 12 more pages - Work - Microsoft​ Edge,https://apromore3-dev-ed.lightning.force.com/lightning/o/Contact/home,Salesforce,Status In Progress,Salesforce | Contacts | Recently Viewed,Salesforce | Contacts | Recently Viewed,0,0,0,0,2025-06-11T12:23:12.913000,2025-06-11T12:23:13.062000
1177,329ddf4b-3d10-482a-9626-3c0d587cf308,user1@apromore.com,LAPTOP1,0.204,msedge,Recently Viewed | Cases | Salesforce and 12 more pages - Work - Microsoft​ Edge,https://apromore3-dev-ed.lightning.force.com/lightning/r/Case/500J300000E5HehIAF/view,Salesforce,Status Working,Salesforce | Recently Viewed,Salesforce | Recently Viewed,0,0,0,0,2025-06-11T12:24:09.831000,2025-06-11T12:24:10.035000
1178,329ddf4b-3d10-482a-9626-3c0d587cf308,user1@apromore.com,LAPTOP1,0,EXCEL,Book1 - Excel,,Microsoft Excel,Status Waiting for Customer,Microsoft Excel,C3,0,0,0,0,2025-06-11T12:32:08.247000,2025-06-11T12:32:08.247000
1175,329ddf4b-3d10-482a-9626-3c0d587cf308,user1@apromore.com,LAPTOP1,1.983,msedge,Recently Viewed | Contacts | Salesforce and 12 more pages - Work - Microsoft​ Edge,https://apromore3-dev-ed.lightning.force.com/lightning/o/Case/home,Salesforce,Status On Hold,Salesforce | Recently Viewed,Salesforce | Recently Viewed,0,0,0,0,2025-06-11T12:20:47.962000,2025-06-11T12:20:49.945000
1175,329ddf4b-3d10-482a-9626-3c0d587cf308,user1@apromore.com,LAPTOP1,0.575,msedge,Recently Viewed | Cases | Salesforce and 12 more pages - Work - Microsoft​ Edge,https://apromore3-dev-ed.lightning.force.com/lightning/r/Case/500J300000E5JdzIAF/view,Salesforce,Status On Hold,Salesforce | Recently Viewed,Salesforce | Recently Viewed,0,0,0,0,2025-06-11T12:20:50.695000,2025-06-11T12:20:51.270000
1175,329ddf4b-3d10-482a-9626-3c0d587cf308,user1@apromore.com,LAPTOP1,1.422,msedge,,https://apromore3-dev-ed.lightning.force.com/lightning/o/Knowledge__kav/list?filterName=__Recent,Salesforce,Status In Progress,Salesforce | Knowledge,Salesforce | Knowledge,1,0,0,0,2025-06-11T12:21:05.994000,2025-06-11T12:21:07.416000
1178,329ddf4b-3d10-482a-9626-3c0d587cf308,user1@apromore.com,LAPTOP1,0,EXCEL,Book1 - Excel,,Microsoft Excel,Status Waiting for Customer,Microsoft Excel,B3,0,0,0,0,2025-06-11T12:31:47.576000,2025-06-11T12:31:47.576000
1178,329ddf4b-3d10-482a-9626-3c0d587cf308,user1@apromore.com,LAPTOP1,12.251,msedge,00001178 | Case | Salesforce and 12 more pages - Work - Microsoft​ Edge,https://apromore3-dev-ed.lightning.force.com/lightning/r/Case/500J300000E5HeiIAF/view,Salesforce,Status In Progress,Salesforce | Case,Salesforce | Case,5,0,0,0,2025-06-11T12:31:53.862000,2025-06-11T12:32:06.113000
1178,329ddf4b-3d10-482a-9626-3c0d587cf308,user1@apromore.com,LAPTOP1,0,EXCEL,Book1 - Excel,,Microsoft Excel,Status Waiting for Customer,Microsoft Excel,D4,0,0,0,0,2025-06-11T12:32:09.156000,2025-06-11T12:32:09.156000
1178,329ddf4b-3d10-482a-9626-3c0d587cf308,user1@apromore.com,LAPTOP1,6.79,EXCEL,Book1 - Excel,,Microsoft Excel,Status Response Received,Microsoft Excel,Microsoft Excel,9,0,0,0,2025-06-11T12:32:06.113000,2025-06-11T12:32:12.903000
1176,329ddf4b-3d10-482a-9626-3c0d587cf308,user1@apromore.com,LAPTOP1,0.441,WINWORD,Document1 - Word,,Microsoft Word,Created.,Microsoft Word,Microsoft Word,0,0,0,0,2025-06-11T12:21:57.523000,2025-06-11T12:21:57.964000
1176,329ddf4b-3d10-482a-9626-3c0d587cf308,user1@apromore.com,LAPTOP1,0.978,msedge,,https://apromore3-dev-ed.lightning.force.com/lightning/o/Account/list?filterName=__Recent,Salesforce,Status On Hold,Salesforce | Accounts,Salesforce | Accounts,1,0,0,0,2025-06-11T12:23:11.935000,2025-06-11T12:23:12.913000
1178,329ddf4b-3d10-482a-9626-3c0d587cf308,user1@apromore.com,LAPTOP1,12.251,msedge,00001178 | Case | Salesforce and 12 more pages - Work - Microsoft​ Edge,https://apromore3-dev-ed.lightning.force.com/lightning/r/Case/500J300000E5HeiIAF/view,Salesforce,Status Waiting for Customer,Salesforce | Case,Salesforce | Case,5,0,0,0,2025-06-11T12:31:53.862000,2025-06-11T12:32:06.113000
1178,329ddf4b-3d10-482a-9626-3c0d587cf308,user1@apromore.com,LAPTOP1,0,EXCEL,Book1 - Excel,,Microsoft Excel,Status Response Received,Microsoft Excel,A1,0,0,0,0,2025-06-11T12:32:11.344000,2025-06-11T12:32:11.344000
1176,329ddf4b-3d10-482a-9626-3c0d587cf308,user1@apromore.com,LAPTOP1,10.051,msedge,00001176 | Case | Salesforce and 12 more pages - Work - Microsoft​ Edge,https://apromore3-dev-ed.lightning.force.com/lightning/r/Case/500J300000E5HehIAF/view,Salesforce,Status In Progress,Salesforce | Case,Salesforce | Case,6,0,0,0,2025-06-11T12:23:01.100000,2025-06-11T12:23:11.151000
1175,329ddf4b-3d10-482a-9626-3c0d587cf308,user1@apromore.com,LAPTOP1,1.389,msedge,Recent | Dashboards | Salesforce and 12 more pages - Work - Microsoft​ Edge,https://apromore3-dev-ed.lightning.force.com/lightning/o/Dashboard/home?queryScope=mru,Salesforce,Status In Progress,Salesforce | Dashboards,Salesforce | Dashboards,1,0,0,0,2025-06-11T12:21:08.375000,2025-06-11T12:21:09.764000
1175,329ddf4b-3d10-482a-9626-3c0d587cf308,user1@apromore.com,LAPTOP1,0.341,msedge,Recently Viewed | Knowledge | Salesforce and 12 more pages - Work - Microsoft​ Edge,https://apromore3-dev-ed.lightning.force.com/lightning/o/Case/home,Salesforce,Status In Progress,Salesforce | Recently Viewed,Salesforce | Recently Viewed,0,0,0,0,2025-06-11T12:21:09.764000,2025-06-11T12:21:10.105000
1177,329ddf4b-3d10-482a-9626-3c0d587cf308,user1@apromore.com,LAPTOP1,1.989,msedge,Recent | Reports | Salesforce and 12 more pages - Work - Microsoft​ Edge,https://apromore3-dev-ed.lightning.force.com/lightning/o/Report/home?queryScope=mru,Salesforce,Created.,Salesforce | Reports,Salesforce | Reports,1,0,0,0,2025-06-11T12:24:05.015000,2025-06-11T12:24:07.004000
1178,329ddf4b-3d10-482a-9626-3c0d587cf308,user1@apromore.com,LAPTOP1,0,EXCEL,Book1 - Excel,,Microsoft Excel,Status In Progress,Microsoft Excel,C3,0,0,0,0,2025-06-11T12:32:08.247000,2025-06-11T12:32:08.247000
1176,329ddf4b-3d10-482a-9626-3c0d587cf308,user1@apromore.com,LAPTOP1,0.703,msedge,New Case | Salesforce and 12 more pages - Work - Microsoft​ Edge,https://apromore3-dev-ed.lightning.force.com/lightning/r/Case/500J300000E5HehIAF/view,Salesforce,Status On Hold,Salesforce | Case | New,Salesforce | Case | New,0,0,0,0,2025-06-11T12:22:44.617000,2025-06-11T12:22:45.320000
1178,329ddf4b-3d10-482a-9626-3c0d587cf308,user1@apromore.com,LAPTOP1,0,EXCEL,Book1 - Excel,,Microsoft Excel,Status Response Received,Microsoft Excel,A3,0,0,0,0,2025-06-11T12:31:48.387000,2025-06-11T12:31:48.387000
1176,329ddf4b-3d10-482a-9626-3c0d587cf308,user1@apromore.com,LAPTOP1,10.051,msedge,00001176 | Case | Salesforce and 12 more pages - Work - Microsoft​ Edge,https://apromore3-dev-ed.lightning.force.com/lightning/r/Case/500J300000E5HehIAF/view,Salesforce,Status Waiting for Customer,Salesforce | Case,Salesforce | Case,6,0,0,0,2025-06-11T12:23:01.100000,2025-06-11T12:23:11.151000
1176,329ddf4b-3d10-482a-9626-3c0d587cf308,user1@apromore.com,LAPTOP1,0.149,msedge,Recently Viewed | Accounts | Salesforce and 12 more pages - Work - Microsoft​ Edge,https://apromore3-dev-ed.lightning.force.com/lightning/o/Contact/home,Salesforce,Status On Hold,Salesforce | Contacts | Recently Viewed,Salesforce | Contacts | Recently Viewed,0,0,0,0,2025-06-11T12:23:12.913000,2025-06-11T12:23:13.062000
1176,329ddf4b-3d10-482a-9626-3c0d587cf308,user1@apromore.com,LAPTOP1,0.061,msedge,Lightning Experience | Salesforce and 12 more pages - Work - Microsoft​ Edge,https://apromore3-dev-ed.lightning.force.com/lightning/o/Dashboard/home?queryScope=mru,Salesforce,Status Response Received,Salesforce | Dashboards,Salesforce | Dashboards,0,0,0,0,2025-06-11T12:24:07.004000,2025-06-11T12:24:07.065000
1177,329ddf4b-3d10-482a-9626-3c0d587cf308,user1@apromore.com,LAPTOP1,0.283,msedge,Recent | Reports | Salesforce and 12 more pages - Work - Microsoft​ Edge,https://apromore3-dev-ed.lightning.force.com/lightning/o/Report/home,Salesforce,Status Working,Salesforce | Reports,Salesforce | Reports,0,0,0,0,2025-06-11T12:24:04.732000,2025-06-11T12:24:05.015000
1177,329ddf4b-3d10-482a-9626-3c0d587cf308,user1@apromore.com,LAPTOP1,0.808,msedge,Recently Viewed | Cases | Salesforce and 12 more pages - Work - Microsoft​ Edge,https://apromore3-dev-ed.lightning.force.com/lightning/o/Case/list?filterName=__Recent,Salesforce,Created.,Salesforce | Cases | Recently Viewed,Salesforce | Cases | Recently Viewed,1,0,0,0,2025-06-11T12:24:09.023000,2025-06-11T12:24:09.831000
1178,329ddf4b-3d10-482a-9626-3c0d587cf308,user1@apromore.com,LAPTOP1,0,EXCEL,Book1 - Excel,,Microsoft Excel,Status In Progress,Microsoft Excel,C2,0,0,0,0,2025-06-11T12:31:49.033000,2025-06-11T12:31:49.033000
1177,329ddf4b-3d10-482a-9626-3c0d587cf308,user1@apromore.com,LAPTOP1,15.066,msedge,00001177 | Case | Salesforce and 12 more pages - Work - Microsoft​ Edge,https://apromore3-dev-ed.lightning.force.com/lightning/r/Case/500J300000E5JYMIA3/view,Salesforce,Status Waiting for Customer,Salesforce | Case,Salesforce | Case,7,0,0,0,2025-06-11T12:24:52.229000,2025-06-11T12:25:07.295000
1178,329ddf4b-3d10-482a-9626-3c0d587cf308,user1@apromore.com,LAPTOP1,0,EXCEL,Book1 - Excel,,Microsoft Excel,Status Waiting for Customer,Microsoft Excel,B5,0,0,0,0,2025-06-11T12:31:47.945000,2025-06-11T12:31:47.945000
1177,329ddf4b-3d10-482a-9626-3c0d587cf308,user1@apromore.com,LAPTOP1,0.061,msedge,Lightning Experience | Salesforce and 12 more pages - Work - Microsoft​ Edge,https://apromore3-dev-ed.lightning.force.com/lightning/o/Dashboard/home?queryScope=mru,Salesforce,Status Working,Salesforce | Dashboards,Salesforce | Dashboards,0,0,0,0,2025-06-11T12:24:07.004000,2025-06-11T12:24:07.065000
1178,329ddf4b-3d10-482a-9626-3c0d587cf308,user1@apromore.com,LAPTOP1,0,EXCEL,Book1 - Excel,,Microsoft Excel,Status Response Received,Microsoft Excel,B2,0,0,0,0,2025-06-11T12:31:48.677000,2025-06-11T12:31:48.677000
1178,329ddf4b-3d10-482a-9626-3c0d587cf308,user1@apromore.com,LAPTOP1,12.251,msedge,00001178 | Case | Salesforce and 12 more pages - Work - Microsoft​ Edge,https://apromore3-dev-ed.lightning.force.com/lightning/r/Case/500J300000E5HeiIAF/view,Salesforce,Status Response Received,Salesforce | Case,Salesforce | Case,5,0,0,0,2025-06-11T12:31:53.862000,2025-06-11T12:32:06.113000
1178,329ddf4b-3d10-482a-9626-3c0d587cf308,user1@apromore.com,LAPTOP1,0,EXCEL,Book1 - Excel,,Microsoft Excel,Status Response Received,Microsoft Excel,D4,0,0,0,0,2025-06-11T12:32:09.156000,2025-06-11T12:32:09.156000
1178,329ddf4b-3d10-482a-9626-3c0d587cf308,user1@apromore.com,LAPTOP1,0,EXCEL,Book1 - Excel,,Microsoft Excel,Status Response Received,Microsoft Excel,B2,0,0,0,0,2025-06-11T12:32:07.395000,2025-06-11T12:32:07.395000
1177,329ddf4b-3d10-482a-9626-3c0d587cf308,user1@apromore.com,LAPTOP1,0.223,msedge,00001176 | Case | Salesforce and 12 more pages - Work - Microsoft​ Edge,https://apromore3-dev-ed.lightning.force.com/lightning/o/Report/home,Salesforce,Status Working,Salesforce | Reports,Salesforce | Reports,0,0,0,0,2025-06-11T12:24:04.509000,2025-06-11T12:24:04.732000
1177,329ddf4b-3d10-482a-9626-3c0d587cf308,user1@apromore.com,LAPTOP1,15.066,msedge,00001177 | Case | Salesforce and 12 more pages - Work - Microsoft​ Edge,https://apromore3-dev-ed.lightning.force.com/lightning/r/Case/500J300000E5JYMIA3/view,Salesforce,Status Response Received,Salesforce | Case,Salesforce | Case,7,0,0,0,2025-06-11T12:24:52.229000,2025-06-11T12:25:07.295000
1178,329ddf4b-3d10-482a-9626-3c0d587cf308,user1@apromore.com,LAPTOP1,0,EXCEL,Book1 - Excel,,Microsoft Excel,Status Response Received,Microsoft Excel,B5,0,0,0,0,2025-06-11T12:31:47.945000,2025-06-11T12:31:47.945000
1176,329ddf4b-3d10-482a-9626-3c0d587cf308,user1@apromore.com,LAPTOP1,0.784,msedge,Recently Viewed | Accounts | Salesforce and 12 more pages - Work - Microsoft​ Edge,https://apromore3-dev-ed.lightning.force.com/lightning/o/Account/list?filterName=__Recent,Salesforce,Status On Hold,Salesforce | Accounts | Recently Viewed,Salesforce | Accounts | Recently Viewed,0,0,0,0,2025-06-11T12:23:11.151000,2025-06-11T12:23:11.935000
1177,329ddf4b-3d10-482a-9626-3c0d587cf308,user1@apromore.com,LAPTOP1,0.061,msedge,Lightning Experience | Salesforce and 12 more pages - Work - Microsoft​ Edge,https://apromore3-dev-ed.lightning.force.com/lightning/o/Dashboard/home?queryScope=mru,Salesforce,Created.,Salesforce | Dashboards,Salesforce | Dashboards,0,0,0,0,2025-06-11T12:24:07.004000,2025-06-11T12:24:07.065000
1176,329ddf4b-3d10-482a-9626-3c0d587cf308,user1@apromore.com,LAPTOP1,0.204,msedge,Recently Viewed | Cases | Salesforce and 12 more pages - Work - Microsoft​ Edge,https://apromore3-dev-ed.lightning.force.com/lightning/r/Case/500J300000E5HehIAF/view,Salesforce,Status Response Received,Salesforce | Recently Viewed,Salesforce | Recently Viewed,0,0,0,0,2025-06-11T12:24:09.831000,2025-06-11T12:24:10.035000
1178,329ddf4b-3d10-482a-9626-3c0d587cf308,user1@apromore.com,LAPTOP1,3.814,EXCEL,Book1 - Excel,,Microsoft Excel,Status Waiting for Customer,Microsoft Excel,Microsoft Excel,7,0,0,0,2025-06-11T12:31:46.619000,2025-06-11T12:31:50.433000
1175,329ddf4b-3d10-482a-9626-3c0d587cf308,user1@apromore.com,LAPTOP1,1.862,msedge,Recently Viewed | Cases | Salesforce and 12 more pages - Work - Microsoft​ Edge,https://apromore3-dev-ed.lightning.force.com/lightning/o/Case/list?filterName=__Recent,Salesforce,Status In Progress,Salesforce | Cases | Recently Viewed,Salesforce | Cases | Recently Viewed,1,0,0,0,2025-06-11T12:21:10.105000,2025-06-11T12:21:11.967000
1176,329ddf4b-3d10-482a-9626-3c0d587cf308,user1@apromore.com,LAPTOP1,0.21,msedge,Lightning Experience | Salesforce and 12 more pages - Work - Microsoft​ Edge,https://apromore3-dev-ed.lightning.force.com/lightning/o/Contact/home,Salesforce,Status Waiting for Customer,Salesforce | Contacts,Salesforce | Contacts,0,0,0,0,2025-06-11T12:23:13.062000,2025-06-11T12:23:13.272000
1177,329ddf4b-3d10-482a-9626-3c0d587cf308,user1@apromore.com,LAPTOP1,1.958,msedge,Recent | Dashboards | Salesforce and 12 more pages - Work - Microsoft​ Edge,https://apromore3-dev-ed.lightning.force.com/lightning/o/Dashboard/home?queryScope=mru,Salesforce,Status Working,Salesforce | Dashboards,Salesforce | Dashboards,1,0,0,0,2025-06-11T12:24:07.065000,2025-06-11T12:24:09.023000
1176,329ddf4b-3d10-482a-9626-3c0d587cf308,user1@apromore.com,LAPTOP1,0.808,msedge,Recently Viewed | Cases | Salesforce and 12 more pages - Work - Microsoft​ Edge,https://apromore3-dev-ed.lightning.force.com/lightning/o/Case/list?filterName=__Recent,Salesforce,Status Response Received,Salesforce | Cases | Recently Viewed,Salesforce | Cases | Recently Viewed,1,0,0,0,2025-06-11T12:24:09.023000,2025-06-11T12:24:09.831000
1178,329ddf4b-3d10-482a-9626-3c0d587cf308,user1@apromore.com,LAPTOP1,0,EXCEL,Book1 - Excel,,Microsoft Excel,Status Waiting for Customer,Microsoft Excel,A2,0,0,0,0,2025-06-11T12:31:47.182000,2025-06-11T12:31:47.182000
1178,329ddf4b-3d10-482a-9626-3c0d587cf308,user1@apromore.com,LAPTOP1,0,EXCEL,Book1 - Excel,,Microsoft Excel,Status In Progress,Microsoft Excel,A1,0,0,0,0,2025-06-11T12:32:06.625000,2025-06-11T12:32:06.625000
1178,329ddf4b-3d10-482a-9626-3c0d587cf308,user1@apromore.com,LAPTOP1,0,EXCEL,Book1 - Excel,,Microsoft Excel,Status Waiting for Customer,Microsoft Excel,B4,0,0,0,0,2025-06-11T12:32:10.124000,2025-06-11T12:32:10.124000
1178,329ddf4b-3d10-482a-9626-3c0d587cf308,user1@apromore.com,LAPTOP1,0,EXCEL,Book1 - Excel,,Microsoft Excel,Status Waiting for Customer,Microsoft Excel,A1,0,0,0,0,2025-06-11T12:32:06.625000,2025-06-11T12:32:06.625000
1175,329ddf4b-3d10-482a-9626-3c0d587cf308,user1@apromore.com,LAPTOP1,1.862,msedge,Recently Viewed | Cases | Salesforce and 12 more pages - Work - Microsoft​ Edge,https://apromore3-dev-ed.lightning.force.com/lightning/o/Case/list?filterName=__Recent,Salesforce,Status On Hold,Salesforce | Cases | Recently Viewed,Salesforce | Cases | Recently Viewed,1,0,0,0,2025-06-11T12:21:10.105000,2025-06-11T12:21:11.967000
1176,329ddf4b-3d10-482a-9626-3c0d587cf308,user1@apromore.com,LAPTOP1,12.663,msedge,00001175 | Case | Salesforce and 12 more pages - Work - Microsoft​ Edge,https://apromore3-dev-ed.lightning.force.com/lightning/r/Case/500J300000E5JdzIAF/view,Salesforce,Status Working,Salesforce | Case,Salesforce | Case,5,0,0,0,2025-06-11T12:21:44.860000,2025-06-11T12:21:57.523000
1176,329ddf4b-3d10-482a-9626-3c0d587cf308,user1@apromore.com,LAPTOP1,0.978,msedge,,https://apromore3-dev-ed.lightning.force.com/lightning/o/Account/list?filterName=__Recent,Salesforce,Status Waiting for Customer,Salesforce | Accounts,Salesforce | Accounts,1,0,0,0,2025-06-11T12:23:11.935000,2025-06-11T12:23:12.913000
1178,329ddf4b-3d10-482a-9626-3c0d587cf308,user1@apromore.com,LAPTOP1,0,EXCEL,Book1 - Excel,,Microsoft Excel,Status Waiting for Customer,Microsoft Excel,A1,0,0,0,0,2025-06-11T12:32:11.344000,2025-06-11T12:32:11.344000
1178,329ddf4b-3d10-482a-9626-3c0d587cf308,user1@apromore.com,LAPTOP1,0,EXCEL,Book1 - Excel,,Microsoft Excel,Status Waiting for Customer,Microsoft Excel,B2,0,0,0,0,2025-06-11T12:32:07.395000,2025-06-11T12:32:07.395000
1178,329ddf4b-3d10-482a-9626-3c0d587cf308,user1@apromore.com,LAPTOP1,0,EXCEL,Book1 - Excel,,Microsoft Excel,Status Response Received,Microsoft Excel,B3,0,0,0,0,2025-06-11T12:32:10.578000,2025-06-11T12:32:10.578000
1178,329ddf4b-3d10-482a-9626-3c0d587cf308,user1@apromore.com,LAPTOP1,0,EXCEL,Book1 - Excel,,Microsoft Excel,Status In Progress,Microsoft Excel,B2,0,0,0,0,2025-06-11T12:32:07.395000,2025-06-11T12:32:07.395000
1175,329ddf4b-3d10-482a-9626-3c0d587cf308,user1@apromore.com,LAPTOP1,1.983,msedge,Recently Viewed | Contacts | Salesforce and 12 more pages - Work - Microsoft​ Edge,https://apromore3-dev-ed.lightning.force.com/lightning/o/Case/home,Salesforce,Status In Progress,Salesforce | Recently Viewed,Salesforce | Recently Viewed,0,0,0,0,2025-06-11T12:20:47.962000,2025-06-11T12:20:49.945000
1175,329ddf4b-3d10-482a-9626-3c0d587cf308,user1@apromore.com,LAPTOP1,0.87,msedge,Recently Viewed | Cases | Salesforce and 12 more pages - Work - Microsoft​ Edge,https://apromore3-dev-ed.lightning.force.com/lightning/r/Case/500J300000E5JdzIAF/view,Salesforce,Status On Hold,Salesforce | Recently Viewed,Salesforce | Recently Viewed,0,0,0,0,2025-06-11T12:21:11.967000,2025-06-11T12:21:12.837000
1178,329ddf4b-3d10-482a-9626-3c0d587cf308,user1@apromore.com,LAPTOP1,0,EXCEL,Book1 - Excel,,Microsoft Excel,Status Response Received,Microsoft Excel,A2,0,0,0,0,2025-06-11T12:31:47.182000,2025-06-11T12:31:47.182000
1175,329ddf4b-3d10-482a-9626-3c0d587cf308,user1@apromore.com,LAPTOP1,0.87,msedge,Recently Viewed | Cases | Salesforce and 12 more pages - Work - Microsoft​ Edge,https://apromore3-dev-ed.lightning.force.com/lightning/r/Case/500J300000E5JdzIAF/view,Salesforce,Status In Progress,Salesforce | Recently Viewed,Salesforce | Recently Viewed,0,0,0,0,2025-06-11T12:21:11.967000,2025-06-11T12:21:12.837000
1176,329ddf4b-3d10-482a-9626-3c0d587cf308,user1@apromore.com,LAPTOP1,10.051,msedge,00001176 | Case | Salesforce and 12 more pages - Work - Microsoft​ Edge,https://apromore3-dev-ed.lightning.force.com/lightning/r/Case/500J300000E5HehIAF/view,Salesforce,Status Escalated,Salesforce | Case,Salesforce | Case,6,0,0,0,2025-06-11T12:23:01.100000,2025-06-11T12:23:11.151000
1177,329ddf4b-3d10-482a-9626-3c0d587cf308,user1@apromore.com,LAPTOP1,22.923,msedge,00001176 | Case | Salesforce and 12 more pages - Work - Microsoft​ Edge,https://apromore3-dev-ed.lightning.force.com/lightning/r/Case/500J300000E5HehIAF/view,Salesforce,Created.,Salesforce | Case,Salesforce | Case,10,0,0,0,2025-06-11T12:23:41.586000,2025-06-11T12:24:04.509000
1178,329ddf4b-3d10-482a-9626-3c0d587cf308,user1@apromore.com,LAPTOP1,3.814,EXCEL,Book1 - Excel,,Microsoft Excel,Status In Progress,Microsoft Excel,Microsoft Excel,7,0,0,0,2025-06-11T12:31:46.619000,2025-06-11T12:31:50.433000
1178,329ddf4b-3d10-482a-9626-3c0d587cf308,user1@apromore.com,LAPTOP1,0,EXCEL,Book1 - Excel,,Microsoft Excel,Status Waiting for Customer,Microsoft Excel,B3,0,0,0,0,2025-06-11T12:32:10.578000,2025-06-11T12:32:10.578000
1178,329ddf4b-3d10-482a-9626-3c0d587cf308,user1@apromore.com,LAPTOP1,0,EXCEL,Book1 - Excel,,Microsoft Excel,Status Response Received,Microsoft Excel,C2,0,0,0,0,2025-06-11T12:31:49.033000,2025-06-11T12:31:49.033000
1178,329ddf4b-3d10-482a-9626-3c0d587cf308,user1@apromore.com,LAPTOP1,0,EXCEL,Book1 - Excel,,Microsoft Excel,Status In Progress,Microsoft Excel,A1,0,0,0,0,2025-06-11T12:32:11.344000,2025-06-11T12:32:11.344000
1178,329ddf4b-3d10-482a-9626-3c0d587cf308,user1@apromore.com,LAPTOP1,0,EXCEL,Book1 - Excel,,Microsoft Excel,Status Response Received,Microsoft Excel,B4,0,0,0,0,2025-06-11T12:32:10.124000,2025-06-11T12:32:10.124000
1175,329ddf4b-3d10-482a-9626-3c0d587cf308,user1@apromore.com,LAPTOP1,0.575,msedge,Recently Viewed | Cases | Salesforce and 12 more pages - Work - Microsoft​ Edge,https://apromore3-dev-ed.lightning.force.com/lightning/r/Case/500J300000E5JdzIAF/view,Salesforce,Status In Progress,Salesforce | Recently Viewed,Salesforce | Recently Viewed,0,0,0,0,2025-06-11T12:20:50.695000,2025-06-11T12:20:51.270000
1175,329ddf4b-3d10-482a-9626-3c0d587cf308,user1@apromore.com,LAPTOP1,0.341,msedge,Recently Viewed | Knowledge | Salesforce and 12 more pages - Work - Microsoft​ Edge,https://apromore3-dev-ed.lightning.force.com/lightning/o/Case/home,Salesforce,Status On Hold,Salesforce | Recently Viewed,Salesforce | Recently Viewed,0,0,0,0,2025-06-11T12:21:09.764000,2025-06-11T12:21:10.105000
1176,329ddf4b-3d10-482a-9626-3c0d587cf308,user1@apromore.com,LAPTOP1,12.663,msedge,00001175 | Case | Salesforce and 12 more pages - Work - Microsoft​ Edge,https://apromore3-dev-ed.lightning.force.com/lightning/r/Case/500J300000E5JdzIAF/view,Salesforce,Created.,Salesforce | Case,Salesforce | Case,5,0,0,0,2025-06-11T12:21:44.860000,2025-06-11T12:21:57.523000
1176,329ddf4b-3d10-482a-9626-3c0d587cf308,user1@apromore.com,LAPTOP1,10.051,msedge,00001176 | Case | Salesforce and 12 more pages - Work - Microsoft​ Edge,https://apromore3-dev-ed.lightning.force.com/lightning/r/Case/500J300000E5HehIAF/view,Salesforce,Status On Hold,Salesforce | Case,Salesforce | Case,6,0,0,0,2025-06-11T12:23:01.100000,2025-06-11T12:23:11.151000
1175,329ddf4b-3d10-482a-9626-3c0d587cf308,user1@apromore.com,LAPTOP1,16.63,msedge,New Case | Salesforce and 12 more pages - Work - Microsoft​ Edge,https://apromore3-dev-ed.lightning.force.com/lightning/o/Case/new?count=1&nooverride=1&useRecordTypeCheck=1&navigationLocation=LIST_VIEW&backgroundContext=%2Flightning%2Fr%2FCase%2F500J3000006gBVTIA2%2Fview,Salesforce,Status Escalated,Salesforce | New,Salesforce | New,1,14,0,0,2025-06-11T12:19:42.780000,2025-06-11T12:19:59.410000
1175,329ddf4b-3d10-482a-9626-3c0d587cf308,user1@apromore.com,LAPTOP1,0.75,msedge,Recently Viewed | Cases | Salesforce and 12 more pages - Work - Microsoft​ Edge,https://apromore3-dev-ed.lightning.force.com/lightning/o/Case/list?filterName=__Recent,Salesforce,Status On Hold,Salesforce | Cases | Recently Viewed,Salesforce | Cases | Recently Viewed,1,0,0,0,2025-06-11T12:20:49.945000,2025-06-11T12:20:50.695000
1175,329ddf4b-3d10-482a-9626-3c0d587cf308,user1@apromore.com,LAPTOP1,12.663,msedge,00001175 | Case | Salesforce and 12 more pages - Work - Microsoft​ Edge,https://apromore3-dev-ed.lightning.force.com/lightning/r/Case/500J300000E5JdzIAF/view,Salesforce,Status Waiting for Customer,Salesforce | Case,Salesforce | Case,5,0,0,0,2025-06-11T12:21:44.860000,2025-06-11T12:21:57.523000
1175,329ddf4b-3d10-482a-9626-3c0d587cf308,user1@apromore.com,LAPTOP1,12.663,msedge,00001175 | Case | Salesforce and 12 more pages - Work - Microsoft​ Edge,https://apromore3-dev-ed.lightning.force.com/lightning/r/Case/500J300000E5JdzIAF/view,Salesforce,Status Response Received,Salesforce | Case,Salesforce | Case,5,0,0,0,2025-06-11T12:21:44.860000,2025-06-11T12:21:57.523000
1176,329ddf4b-3d10-482a-9626-3c0d587cf308,user1@apromore.com,LAPTOP1,0.21,msedge,Lightning Experience | Salesforce and 12 more pages - Work - Microsoft​ Edge,https://apromore3-dev-ed.lightning.force.com/lightning/o/Contact/home,Salesforce,Status On Hold,Salesforce | Contacts,Salesforce | Contacts,0,0,0,0,2025-06-11T12:23:13.062000,2025-06-11T12:23:13.272000
1178,329ddf4b-3d10-482a-9626-3c0d587cf308,user1@apromore.com,LAPTOP1,0,EXCEL,Book1 - Excel,,Microsoft Excel,Status Response Received,Microsoft Excel,A1,0,0,0,0,2025-06-11T12:32:06.625000,2025-06-11T12:32:06.625000
1178,329ddf4b-3d10-482a-9626-3c0d587cf308,user1@apromore.com,LAPTOP1,0,EXCEL,Book1 - Excel,,Microsoft Excel,Status In Progress,Microsoft Excel,A3,0,0,0,0,2025-06-11T12:31:48.387000,2025-06-11T12:31:48.387000
1032,5fbaa685-c8f9-4002-b964-5e99312d789f,user2@apromore.com,LAPTOP2,0,chrome,Recently Viewed | Cases | Salesforce - Google Chrome,https://apromore3-dev-ed.lightning.force.com/lightning/o/Case/list?filterName=__Recent,Salesforce,Status Working,Salesforce | Cases | Recently Viewed,00001032,0,0,0,0,2025-06-11T19:06:56.926000,2025-06-11T19:06:56.926000
1032,5fbaa685-c8f9-4002-b964-5e99312d789f,user2@apromore.com,LAPTOP2,3.184,chrome,Recently Viewed | Cases | Salesforce - Google Chrome,https://apromore3-dev-ed.lightning.force.com/lightning/o/Case/list?filterName=__Recent,Salesforce,Created.,Salesforce | Cases | Recently Viewed,Salesforce | Cases | Recently Viewed,1,0,0,0,2025-06-11T19:06:53.992000,2025-06-11T19:06:57.176000
1032,5fbaa685-c8f9-4002-b964-5e99312d789f,user2@apromore.com,LAPTOP2,118.88,chrome,00001032 | Case | Salesforce - Google Chrome,https://apromore3-dev-ed.lightning.force.com/lightning/r/Case/5005i00000KuXZzAAN/view,Salesforce,Status Escalated,Salesforce | Case,Salesforce | Case,2,0,0,0,2025-06-11T19:06:57.367000,2025-06-11T19:08:56.247000
1032,5fbaa685-c8f9-4002-b964-5e99312d789f,user2@apromore.com,LAPTOP2,0.725,chrome,Lightning Experience | Salesforce - Google Chrome,https://apromore3-dev-ed.lightning.force.com/lightning/r/Account/0015i00001BhDnWAAV/view,Salesforce,Status Working,Salesforce | Accounts,Salesforce | Accounts,0,0,0,0,2025-06-11T19:08:56.421000,2025-06-11T19:08:57.146000
1038,5fbaa685-c8f9-4002-b964-5e99312d789f,user2@apromore.com,LAPTOP2,0,EXCEL,Book2 - Excel,,Microsoft Excel,Status In Progress,Microsoft Excel,E8,0,0,0,0,2025-06-11T19:09:47.652000,2025-06-11T19:09:47.652000
1038,5fbaa685-c8f9-4002-b964-5e99312d789f,user2@apromore.com,LAPTOP2,0,EXCEL,Book2 - Excel,,Microsoft Excel,Status In Progress,Microsoft Excel,C3,0,0,0,0,2025-06-11T19:09:48.431000,2025-06-11T19:09:48.431000
1038,5fbaa685-c8f9-4002-b964-5e99312d789f,user2@apromore.com,LAPTOP2,0,EXCEL,Book2 - Excel,,Microsoft Excel,Status In Progress,Microsoft Excel,B2,0,0,0,0,2025-06-11T19:09:49.106000,2025-06-11T19:09:49.106000
1038,5fbaa685-c8f9-4002-b964-5e99312d789f,user2@apromore.com,LAPTOP2,0,EXCEL,Book2 - Excel,,Microsoft Excel,Status Response Received,Microsoft Excel,A2,0,0,0,0,2025-06-11T19:09:49.815000,2025-06-11T19:09:49.815000
1038,5fbaa685-c8f9-4002-b964-5e99312d789f,user2@apromore.com,LAPTOP2,0,EXCEL,Book2 - Excel,,Microsoft Excel,Status Response Received,Microsoft Excel,A8,0,0,0,0,2025-06-11T19:09:51.694000,2025-06-11T19:09:51.694000
1038,5fbaa685-c8f9-4002-b964-5e99312d789f,user2@apromore.com,LAPTOP2,0,EXCEL,Book2 - Excel,,Microsoft Excel,Status Waiting for Customer,Microsoft Excel,A16,0,0,0,0,2025-06-11T19:09:53.641000,2025-06-11T19:09:53.641000
1038,5fbaa685-c8f9-4002-b964-5e99312d789f,user2@apromore.com,LAPTOP2,0,EXCEL,Book2 - Excel,,Microsoft Excel,Status Waiting for Customer,Microsoft Excel,B9,0,0,0,0,2025-06-11T19:09:55.828000,2025-06-11T19:09:55.828000
1038,5fbaa685-c8f9-4002-b964-5e99312d789f,user2@apromore.com,LAPTOP2,0,chrome,00001038 | Case | Salesforce - Google Chrome,https://apromore3-dev-ed.lightning.force.com/lightning/r/Case/5005i00000KvaibAAB/view,Salesforce,Status Escalated,Salesforce | Case,Reports,0,0,0,0,2025-06-11T19:10:08.511000,2025-06-11T19:10:08.511000
1038,5fbaa685-c8f9-4002-b964-5e99312d789f,user2@apromore.com,LAPTOP2,7.49,chrome,00001038 | Case | Salesforce - Google Chrome,https://apromore3-dev-ed.lightning.force.com/lightning/r/Case/5005i00000KvaibAAB/view,Salesforce,Status In Progress,Salesforce | Case,Salesforce | Case,1,0,0,0,2025-06-11T19:10:01.271000,2025-06-11T19:10:08.761000
1038,5fbaa685-c8f9-4002-b964-5e99312d789f,user2@apromore.com,LAPTOP2,0,chrome,Recent | Reports | Salesforce - Google Chrome,https://apromore3-dev-ed.lightning.force.com/lightning/o/Report/home?queryScope=mru,Salesforce,Status On Hold,Salesforce | Reports,Dashboards,0,0,0,0,2025-06-11T19:10:11.355000,2025-06-11T19:10:11.355000
1038,5fbaa685-c8f9-4002-b964-5e99312d789f,user2@apromore.com,LAPTOP2,2.513,chrome,Recent | Reports | Salesforce - Google Chrome,https://apromore3-dev-ed.lightning.force.com/lightning/o/Report/home?queryScope=mru,Salesforce,Status Escalated,Salesforce | Reports,Salesforce | Reports,1,0,0,0,2025-06-11T19:10:09.098000,2025-06-11T19:10:11.611000
1038,5fbaa685-c8f9-4002-b964-5e99312d789f,user2@apromore.com,LAPTOP2,0,chrome,Recent | Dashboards | Salesforce - Google Chrome,https://apromore3-dev-ed.lightning.force.com/lightning/o/Dashboard/home?queryScope=mru,Salesforce,Status Response Received,Salesforce | Dashboards,Accounts,0,0,0,0,2025-06-11T19:10:12.569000,2025-06-11T19:10:12.569000
1038,5fbaa685-c8f9-4002-b964-5e99312d789f,user2@apromore.com,LAPTOP2,0.893,chrome,Recent | Dashboards | Salesforce - Google Chrome,https://apromore3-dev-ed.lightning.force.com/lightning/o/Dashboard/home?queryScope=mru,Salesforce,Status Waiting for Customer,Salesforce | Dashboards,Salesforce | Dashboards,1,0,0,0,2025-06-11T19:10:11.926000,2025-06-11T19:10:12.819000
1161,5fbaa685-c8f9-4002-b964-5e99312d789f,user2@apromore.com,LAPTOP2,0,chrome,Recently Viewed | Cases | Salesforce - Google Chrome,https://apromore3-dev-ed.lightning.force.com/lightning/o/Case/list?filterName=__Recent,Salesforce,Created.,Salesforce | Cases | Recently Viewed,Cases,0,0,0,0,2025-06-11T17:14:53.595000,2025-06-11T17:14:53.595000
1161,5fbaa685-c8f9-4002-b964-5e99312d789f,user2@apromore.com,LAPTOP2,1.431,chrome,Recently Viewed | Cases | Salesforce - Google Chrome,https://apromore3-dev-ed.lightning.force.com/lightning/o/Case/list?filterName=__Recent,Salesforce,Created.,Salesforce | Cases | Recently Viewed,Salesforce | Cases | Recently Viewed,2,0,0,0,2025-06-11T17:14:52.423000,2025-06-11T17:14:53.854000
1161,5fbaa685-c8f9-4002-b964-5e99312d789f,user2@apromore.com,LAPTOP2,0.523,chrome,Recently Viewed | Cases | Salesforce - Google Chrome,https://apromore3-dev-ed.lightning.force.com/lightning/o/Case/home,Salesforce,Status Working,Salesforce | Recently Viewed,Salesforce | Recently Viewed,0,0,0,0,2025-06-11T17:14:53.854000,2025-06-11T17:14:54.377000
1161,5fbaa685-c8f9-4002-b964-5e99312d789f,user2@apromore.com,LAPTOP2,0,chrome,Recently Viewed | Cases | Salesforce - Google Chrome,https://apromore3-dev-ed.lightning.force.com/lightning/o/Case/list?filterName=__Recent,Salesforce,Status Working,Salesforce | Cases | Recently Viewed,00001161,0,0,0,0,2025-06-11T17:14:55.775000,2025-06-11T17:14:55.775000
1161,5fbaa685-c8f9-4002-b964-5e99312d789f,user2@apromore.com,LAPTOP2,1.644,chrome,Recently Viewed | Cases | Salesforce - Google Chrome,https://apromore3-dev-ed.lightning.force.com/lightning/o/Case/list?filterName=__Recent,Salesforce,Status Escalated,Salesforce | Cases | Recently Viewed,Salesforce | Cases | Recently Viewed,1,0,0,0,2025-06-11T17:14:54.377000,2025-06-11T17:14:56.021000
1161,5fbaa685-c8f9-4002-b964-5e99312d789f,user2@apromore.com,LAPTOP2,0,chrome,00001161 | Case | Salesforce - Google Chrome,https://apromore3-dev-ed.lightning.force.com/lightning/r/Case/500J3000003iPRkIAM/view,Salesforce,Status On Hold,Salesforce | Case,Contacts,0,0,0,0,2025-06-11T17:15:00.666000,2025-06-11T17:15:00.666000
1161,5fbaa685-c8f9-4002-b964-5e99312d789f,user2@apromore.com,LAPTOP2,4.704,chrome,00001161 | Case | Salesforce - Google Chrome,https://apromore3-dev-ed.lightning.force.com/lightning/r/Case/500J3000003iPRkIAM/view,Salesforce,Status In Progress,Salesforce | Case,Salesforce | Case,3,0,0,0,2025-06-11T17:14:56.217000,2025-06-11T17:15:00.921000
1161,5fbaa685-c8f9-4002-b964-5e99312d789f,user2@apromore.com,LAPTOP2,0,chrome,Recently Viewed | Cases | Salesforce - Google Chrome,https://apromore3-dev-ed.lightning.force.com/lightning/o/Contact/list,Salesforce,Status On Hold,Salesforce | Contacts | Recently Viewed,Recently Viewed | Cases | Salesforce,0,0,0,0,2025-06-11T17:15:01.319000,2025-06-11T17:15:01.319000
1161,5fbaa685-c8f9-4002-b964-5e99312d789f,user2@apromore.com,LAPTOP2,0.512,chrome,Recently Viewed | Cases | Salesforce - Google Chrome,https://apromore3-dev-ed.lightning.force.com/lightning/o/Contact/list,Salesforce,Status In Progress,Salesforce | Contacts | Recently Viewed,Salesforce | Contacts | Recently Viewed,0,0,0,0,2025-06-11T17:15:01.261000,2025-06-11T17:15:01.773000
1161,5fbaa685-c8f9-4002-b964-5e99312d789f,user2@apromore.com,LAPTOP2,0,chrome,Recently Viewed | Contacts | Salesforce - Google Chrome,https://apromore3-dev-ed.lightning.force.com/lightning/o/Contact/list?filterName=__Recent,Salesforce,Status Waiting for Customer,Salesforce | Contacts | Recently Viewed,Cases,0,0,0,0,2025-06-11T17:15:02.608000,2025-06-11T17:15:02.608000
1161,5fbaa685-c8f9-4002-b964-5e99312d789f,user2@apromore.com,LAPTOP2,1.048,chrome,Recently Viewed | Contacts | Salesforce - Google Chrome,https://apromore3-dev-ed.lightning.force.com/lightning/o/Contact/list?filterName=__Recent,Salesforce,Status On Hold,Salesforce | Contacts | Recently Viewed,Salesforce | Contacts | Recently Viewed,1,0,0,0,2025-06-11T17:15:01.789000,2025-06-11T17:15:02.837000
1161,5fbaa685-c8f9-4002-b964-5e99312d789f,user2@apromore.com,LAPTOP2,0,chrome,Recently Viewed | Cases | Salesforce - Google Chrome,https://apromore3-dev-ed.lightning.force.com/lightning/o/Case/list?filterName=__Recent,Salesforce,Status Response Received,Salesforce | Cases | Recently Viewed,00001179,0,0,0,0,2025-06-11T17:15:05.225000,2025-06-11T17:15:05.225000
1161,5fbaa685-c8f9-4002-b964-5e99312d789f,user2@apromore.com,LAPTOP2,2.117,chrome,Recently Viewed | Cases | Salesforce - Google Chrome,https://apromore3-dev-ed.lightning.force.com/lightning/o/Case/list?filterName=__Recent,Salesforce,Status Waiting for Customer,Salesforce | Cases | Recently Viewed,Salesforce | Cases | Recently Viewed,1,0,0,0,2025-06-11T17:15:03.344000,2025-06-11T17:15:05.461000
1166,5fbaa685-c8f9-4002-b964-5e99312d789f,user2@apromore.com,LAPTOP2,0.508,chrome,Recently Viewed | Cases | Salesforce - Google Chrome,https://apromore3-dev-ed.lightning.force.com/lightning/o/Case/home,Salesforce,Created.,Salesforce | Recently Viewed,Salesforce | Recently Viewed,0,0,0,0,2025-06-11T17:15:38.247000,2025-06-11T17:15:38.755000
1166,5fbaa685-c8f9-4002-b964-5e99312d789f,user2@apromore.com,LAPTOP2,0,chrome,Recently Viewed | Cases | Salesforce - Google Chrome,https://apromore3-dev-ed.lightning.force.com/lightning/o/Case/list?filterName=__Recent,Salesforce,Created.,Salesforce | Cases | Recently Viewed,00001166,0,0,0,0,2025-06-11T17:15:40.092000,2025-06-11T17:15:40.092000
1166,5fbaa685-c8f9-4002-b964-5e99312d789f,user2@apromore.com,LAPTOP2,1.604,chrome,Recently Viewed | Cases | Salesforce - Google Chrome,https://apromore3-dev-ed.lightning.force.com/lightning/o/Case/list?filterName=__Recent,Salesforce,Created.,Salesforce | Cases | Recently Viewed,Salesforce | Cases | Recently Viewed,1,0,0,0,2025-06-11T17:15:38.755000,2025-06-11T17:15:40.359000
1166,5fbaa685-c8f9-4002-b964-5e99312d789f,user2@apromore.com,LAPTOP2,0,chrome,00001166 | Case | Salesforce - Google Chrome,https://apromore3-dev-ed.lightning.force.com/lightning/r/Case/500J3000009Bj0eIAC/view,Salesforce,Status Working,Salesforce | Case,Accounts,0,0,0,0,2025-06-11T17:15:42.783000,2025-06-11T17:15:42.783000
1166,5fbaa685-c8f9-4002-b964-5e99312d789f,user2@apromore.com,LAPTOP2,2.482,chrome,00001166 | Case | Salesforce - Google Chrome,https://apromore3-dev-ed.lightning.force.com/lightning/r/Case/500J3000009Bj0eIAC/view,Salesforce,Created.,Salesforce | Case,Salesforce | Case,1,0,0,0,2025-06-11T17:15:40.545000,2025-06-11T17:15:43.027000
1166,5fbaa685-c8f9-4002-b964-5e99312d789f,user2@apromore.com,LAPTOP2,4.531,chrome,Recently Viewed | Accounts | Salesforce - Google Chrome,https://apromore3-dev-ed.lightning.force.com/lightning/o/Account/list?filterName=__Recent,Salesforce,Status Escalated,Salesforce | Accounts | Recently Viewed,Salesforce | Accounts | Recently Viewed,0,0,0,0,2025-06-11T17:15:43.585000,2025-06-11T17:15:48.116000
1166,5fbaa685-c8f9-4002-b964-5e99312d789f,user2@apromore.com,LAPTOP2,0,EXCEL,Book2 - Excel,,Microsoft Excel,Status In Progress,Microsoft Excel,E2,0,0,0,0,2025-06-11T17:17:12.650000,2025-06-11T17:17:12.650000
1166,5fbaa685-c8f9-4002-b964-5e99312d789f,user2@apromore.com,LAPTOP2,0,EXCEL,Book2 - Excel,,Microsoft Excel,Status In Progress,Microsoft Excel,A1,0,0,0,0,2025-06-11T17:17:13.444000,2025-06-11T17:17:13.444000
1166,5fbaa685-c8f9-4002-b964-5e99312d789f,user2@apromore.com,LAPTOP2,0,chrome,Recently Viewed | Accounts | Salesforce - Google Chrome,https://apromore3-dev-ed.lightning.force.com/lightning/o/Account/list?filterName=__Recent,Salesforce,Status On Hold,Salesforce | Accounts | Recently Viewed,Lightning Experience,0,0,0,0,2025-06-11T17:17:32.530000,2025-06-11T17:17:32.530000
1166,5fbaa685-c8f9-4002-b964-5e99312d789f,user2@apromore.com,LAPTOP2,2.559,chrome,Recently Viewed | Accounts | Salesforce - Google Chrome,https://apromore3-dev-ed.lightning.force.com/lightning/o/Account/list?filterName=__Recent,Salesforce,Status In Progress,Salesforce | Accounts | Recently Viewed,Salesforce | Accounts | Recently Viewed,2,0,0,0,2025-06-11T17:17:30.140000,2025-06-11T17:17:32.699000
1166,5fbaa685-c8f9-4002-b964-5e99312d789f,user2@apromore.com,LAPTOP2,0,EXCEL,Book2 - Excel,,Microsoft Excel,Status Response Received,Microsoft Excel,C10,0,0,0,0,2025-06-11T19:13:34.525000,2025-06-11T19:13:34.525000
1166,5fbaa685-c8f9-4002-b964-5e99312d789f,user2@apromore.com,LAPTOP2,0,EXCEL,Book2 - Excel,,Microsoft Excel,Status Response Received,Microsoft Excel,L6,0,0,0,0,2025-06-11T19:13:37.524000,2025-06-11T19:13:37.524000
1166,5fbaa685-c8f9-4002-b964-5e99312d789f,user2@apromore.com,LAPTOP2,0,EXCEL,Book2 - Excel,,Microsoft Excel,Status Waiting for Customer,Microsoft Excel,J7,0,0,0,0,2025-06-11T19:13:38.199000,2025-06-11T19:13:38.199000
1166,5fbaa685-c8f9-4002-b964-5e99312d789f,user2@apromore.com,LAPTOP2,0,EXCEL,Book2 - Excel,,Microsoft Excel,Status Waiting for Customer,Microsoft Excel,F5,0,0,0,0,2025-06-11T19:13:38.776000,2025-06-11T19:13:38.776000
1166,5fbaa685-c8f9-4002-b964-5e99312d789f,user2@apromore.com,LAPTOP2,0,chrome,Recently Viewed | Cases | Salesforce - Google Chrome,https://apromore3-dev-ed.lightning.force.com/lightning/o/Case/list?filterName=__Recent,Salesforce,Status Escalated,Salesforce | Cases | Recently Viewed,Recently Viewed | Cases | Salesforce,0,0,0,0,2025-06-11T19:13:48.013000,2025-06-11T19:13:48.013000
1166,5fbaa685-c8f9-4002-b964-5e99312d789f,user2@apromore.com,LAPTOP2,0,chrome,Recently Viewed | Cases | Salesforce - Google Chrome,https://apromore3-dev-ed.lightning.force.com/lightning/o/Case/list?filterName=__Recent,Salesforce,Status Escalated,Salesforce | Cases | Recently Viewed,Install things on the roof,0,0,0,0,2025-06-11T19:13:48.094000,2025-06-11T19:13:48.094000
1166,5fbaa685-c8f9-4002-b964-5e99312d789f,user2@apromore.com,LAPTOP2,4.452,chrome,Recently Viewed | Cases | Salesforce - Google Chrome,https://apromore3-dev-ed.lightning.force.com/lightning/o/Case/list?filterName=__Recent,Salesforce,Status Escalated,Salesforce | Cases | Recently Viewed,Salesforce | Cases | Recently Viewed,2,0,0,0,2025-06-11T19:13:43.904000,2025-06-11T19:13:48.356000
1166,5fbaa685-c8f9-4002-b964-5e99312d789f,user2@apromore.com,LAPTOP2,0,chrome,00001166 | Case | Salesforce - Google Chrome,https://apromore3-dev-ed.lightning.force.com/lightning/r/Case/500J3000009Bj0eIAC/view,Salesforce,Status On Hold,Salesforce | Case,Reports,0,0,0,0,2025-06-11T19:13:51.386000,2025-06-11T19:13:51.386000
1166,5fbaa685-c8f9-4002-b964-5e99312d789f,user2@apromore.com,LAPTOP2,3.106,chrome,00001166 | Case | Salesforce - Google Chrome,https://apromore3-dev-ed.lightning.force.com/lightning/r/Case/500J3000009Bj0eIAC/view,Salesforce,Status Escalated,Salesforce | Case,Salesforce | Case,1,0,0,0,2025-06-11T19:13:48.534000,2025-06-11T19:13:51.640000
1166,5fbaa685-c8f9-4002-b964-5e99312d789f,user2@apromore.com,LAPTOP2,0,chrome,Recent | Reports | Salesforce - Google Chrome,https://apromore3-dev-ed.lightning.force.com/lightning/o/Report/home?queryScope=mru,Salesforce,Status On Hold,Salesforce | Reports,Dashboards,0,0,0,0,2025-06-11T19:13:53.979000,2025-06-11T19:13:53.979000
1166,5fbaa685-c8f9-4002-b964-5e99312d789f,user2@apromore.com,LAPTOP2,2.182,chrome,Recent | Reports | Salesforce - Google Chrome,https://apromore3-dev-ed.lightning.force.com/lightning/o/Report/home?queryScope=mru,Salesforce,Status On Hold,Salesforce | Reports,Salesforce | Reports,1,0,0,0,2025-06-11T19:13:52.039000,2025-06-11T19:13:54.221000
1166,5fbaa685-c8f9-4002-b964-5e99312d789f,user2@apromore.com,LAPTOP2,0.535,chrome,Lightning Experience | Salesforce - Google Chrome,https://apromore3-dev-ed.lightning.force.com/lightning/o/Dashboard/home?queryScope=mru,Salesforce,Status Waiting for Customer,Salesforce | Dashboards,Salesforce | Dashboards,0,0,0,0,2025-06-11T19:13:54.551000,2025-06-11T19:13:55.086000
1166,5fbaa685-c8f9-4002-b964-5e99312d789f,user2@apromore.com,LAPTOP2,0,chrome,Recent | Dashboards | Salesforce - Google Chrome,https://apromore3-dev-ed.lightning.force.com/lightning/o/Dashboard/home?queryScope=mru,Salesforce,Status Waiting for Customer,Salesforce | Dashboards,Knowledge,0,0,0,0,2025-06-11T19:13:55.754000,2025-06-11T19:13:55.754000
1166,5fbaa685-c8f9-4002-b964-5e99312d789f,user2@apromore.com,LAPTOP2,0.909,chrome,Recent | Dashboards | Salesforce - Google Chrome,https://apromore3-dev-ed.lightning.force.com/lightning/o/Dashboard/home?queryScope=mru,Salesforce,Status Waiting for Customer,Salesforce | Dashboards,Salesforce | Dashboards,1,0,0,0,2025-06-11T19:13:55.086000,2025-06-11T19:13:55.995000
1166,5fbaa685-c8f9-4002-b964-5e99312d789f,user2@apromore.com,LAPTOP2,0.529,chrome,Recently Viewed | Cases | Salesforce - Google Chrome,https://apromore3-dev-ed.lightning.force.com/lightning/o/Knowledge__kav/home,Salesforce,Status Response Received,Salesforce | Knowledge | Recently Viewed,Salesforce | Knowledge | Recently Viewed,0,0,0,0,2025-06-11T19:13:56.014000,2025-06-11T19:13:56.543000
1166,5fbaa685-c8f9-4002-b964-5e99312d789f,user2@apromore.com,LAPTOP2,0,chrome,Recently Viewed | Knowledge | Salesforce - Google Chrome,https://apromore3-dev-ed.lightning.force.com/lightning/o/Knowledge__kav/list?filterName=__Recent,Salesforce,Status Response Received,Salesforce | Knowledge | Recently Viewed,Dashboards,0,0,0,0,2025-06-11T19:13:57.659000,2025-06-11T19:13:57.659000
1166,5fbaa685-c8f9-4002-b964-5e99312d789f,user2@apromore.com,LAPTOP2,1.337,chrome,Recently Viewed | Knowledge | Salesforce - Google Chrome,https://apromore3-dev-ed.lightning.force.com/lightning/o/Knowledge__kav/list?filterName=__Recent,Salesforce,Status Response Received,Salesforce | Knowledge | Recently Viewed,Salesforce | Knowledge | Recently Viewed,1,0,0,0,2025-06-11T19:13:56.567000,2025-06-11T19:13:57.904000
1171,5fbaa685-c8f9-4002-b964-5e99312d789f,user2@apromore.com,LAPTOP2,0,chrome,Recent | Reports | Salesforce - Google Chrome,https://apromore3-dev-ed.lightning.force.com/lightning/o/Report/home?queryScope=mru,Salesforce,Created.,Salesforce | Reports,Cases,0,0,0,0,2025-06-11T19:12:59.953000,2025-06-11T19:12:59.953000
1171,5fbaa685-c8f9-4002-b964-5e99312d789f,user2@apromore.com,LAPTOP2,1.379,chrome,Recent | Reports | Salesforce - Google Chrome,https://apromore3-dev-ed.lightning.force.com/lightning/o/Report/home?queryScope=mru,Salesforce,Created.,Salesforce | Reports,Salesforce | Reports,1,0,0,0,2025-06-11T19:12:58.805000,2025-06-11T19:13:00.184000
1171,5fbaa685-c8f9-4002-b964-5e99312d789f,user2@apromore.com,LAPTOP2,0,chrome,Recently Viewed | Cases | Salesforce - Google Chrome,https://apromore3-dev-ed.lightning.force.com/lightning/o/Case/list?filterName=__Recent,Salesforce,Status Escalated,Salesforce | Cases | Recently Viewed,Contacts,0,0,0,0,2025-06-11T19:13:02.223000,2025-06-11T19:13:02.223000
1171,5fbaa685-c8f9-4002-b964-5e99312d789f,user2@apromore.com,LAPTOP2,1.732,chrome,Recently Viewed | Cases | Salesforce - Google Chrome,https://apromore3-dev-ed.lightning.force.com/lightning/o/Case/list?filterName=__Recent,Salesforce,Status Working,Salesforce | Cases | Recently Viewed,Salesforce | Cases | Recently Viewed,1,0,0,0,2025-06-11T19:13:00.735000,2025-06-11T19:13:02.467000
1171,5fbaa685-c8f9-4002-b964-5e99312d789f,user2@apromore.com,LAPTOP2,0,chrome,Recently Viewed | Contacts | Salesforce - Google Chrome,https://apromore3-dev-ed.lightning.force.com/lightning/o/Contact/list?filterName=__Recent,Salesforce,Status In Progress,Salesforce | Contacts | Recently Viewed,Cases,0,0,0,0,2025-06-11T19:13:11.756000,2025-06-11T19:13:11.756000
1171,5fbaa685-c8f9-4002-b964-5e99312d789f,user2@apromore.com,LAPTOP2,8.69,chrome,Recently Viewed | Contacts | Salesforce - Google Chrome,https://apromore3-dev-ed.lightning.force.com/lightning/o/Contact/list?filterName=__Recent,Salesforce,Status Working,Salesforce | Contacts | Recently Viewed,Salesforce | Contacts | Recently Viewed,1,0,0,0,2025-06-11T19:13:03.328000,2025-06-11T19:13:12.018000
1171,5fbaa685-c8f9-4002-b964-5e99312d789f,user2@apromore.com,LAPTOP2,0,chrome,Recently Viewed | Contacts | Salesforce - Google Chrome,https://apromore3-dev-ed.lightning.force.com/lightning/o/Case/home,Salesforce,Status In Progress,Salesforce | Recently Viewed,Recently Viewed | Contacts | Salesforce,0,0,0,0,2025-06-11T19:13:12.036000,2025-06-11T19:13:12.036000
1171,5fbaa685-c8f9-4002-b964-5e99312d789f,user2@apromore.com,LAPTOP2,0.518,chrome,Recently Viewed | Contacts | Salesforce - Google Chrome,https://apromore3-dev-ed.lightning.force.com/lightning/o/Case/home,Salesforce,Status On Hold,Salesforce | Recently Viewed,Salesforce | Recently Viewed,0,0,0,0,2025-06-11T19:13:12.018000,2025-06-11T19:13:12.536000
1171,5fbaa685-c8f9-4002-b964-5e99312d789f,user2@apromore.com,LAPTOP2,0,chrome,Recently Viewed | Cases | Salesforce - Google Chrome,https://apromore3-dev-ed.lightning.force.com/lightning/o/Case/list?filterName=__Recent,Salesforce,Status On Hold,Salesforce | Cases | Recently Viewed,00001171,0,0,0,0,2025-06-11T19:13:14.640000,2025-06-11T19:13:14.640000
1171,5fbaa685-c8f9-4002-b964-5e99312d789f,user2@apromore.com,LAPTOP2,2.3,chrome,Recently Viewed | Cases | Salesforce - Google Chrome,https://apromore3-dev-ed.lightning.force.com/lightning/o/Case/list?filterName=__Recent,Salesforce,Status On Hold,Salesforce | Cases | Recently Viewed,Salesforce | Cases | Recently Viewed,1,0,0,0,2025-06-11T19:13:12.588000,2025-06-11T19:13:14.888000
1171,5fbaa685-c8f9-4002-b964-5e99312d789f,user2@apromore.com,LAPTOP2,2.459,chrome,00001171 | Case | Salesforce - Google Chrome,https://apromore3-dev-ed.lightning.force.com/lightning/r/Case/500J300000E4D0tIAF/view,Salesforce,Status Waiting for Customer,Salesforce | Case,Salesforce | Case,1,0,0,0,2025-06-11T19:13:15.067000,2025-06-11T19:13:17.526000
1171,5fbaa685-c8f9-4002-b964-5e99312d789f,user2@apromore.com,LAPTOP2,0,chrome,Recently Viewed | Cases | Salesforce - Google Chrome,https://apromore3-dev-ed.lightning.force.com/lightning/o/Case/list?filterName=__Recent,Salesforce,Status Response Received,Salesforce | Cases | Recently Viewed,00001174,0,0,0,0,2025-06-11T19:13:18.991000,2025-06-11T19:13:18.991000
1171,5fbaa685-c8f9-4002-b964-5e99312d789f,user2@apromore.com,LAPTOP2,1.682,chrome,Recently Viewed | Cases | Salesforce - Google Chrome,https://apromore3-dev-ed.lightning.force.com/lightning/o/Case/list?filterName=__Recent,Salesforce,Status Waiting for Customer,Salesforce | Cases | Recently Viewed,Salesforce | Cases | Recently Viewed,1,0,0,0,2025-06-11T19:13:17.561000,2025-06-11T19:13:19.243000
1174,5fbaa685-c8f9-4002-b964-5e99312d789f,user2@apromore.com,LAPTOP2,0,chrome,00001174 | Case | Salesforce - Google Chrome,https://apromore3-dev-ed.lightning.force.com/lightning/r/Case/500J300000E4FYiIAN/view,Salesforce,Status Working,Salesforce | Case,Reports,0,0,0,0,2025-06-11T19:13:20.461000,2025-06-11T19:13:20.461000
1174,5fbaa685-c8f9-4002-b964-5e99312d789f,user2@apromore.com,LAPTOP2,1.251,chrome,00001174 | Case | Salesforce - Google Chrome,https://apromore3-dev-ed.lightning.force.com/lightning/r/Case/500J300000E4FYiIAN/view,Salesforce,Created.,Salesforce | Case,Salesforce | Case,1,0,0,0,2025-06-11T19:13:19.436000,2025-06-11T19:13:20.687000
1174,5fbaa685-c8f9-4002-b964-5e99312d789f,user2@apromore.com,LAPTOP2,0,chrome,Recent | Reports | Salesforce - Google Chrome,https://apromore3-dev-ed.lightning.force.com/lightning/o/Report/home?queryScope=mru,Salesforce,Status Working,Salesforce | Reports,Cases,0,0,0,0,2025-06-11T19:13:22.220000,2025-06-11T19:13:22.220000
1174,5fbaa685-c8f9-4002-b964-5e99312d789f,user2@apromore.com,LAPTOP2,1.444,chrome,Recent | Reports | Salesforce - Google Chrome,https://apromore3-dev-ed.lightning.force.com/lightning/o/Report/home?queryScope=mru,Salesforce,Status Escalated,Salesforce | Reports,Salesforce | Reports,1,0,0,0,2025-06-11T19:13:21.009000,2025-06-11T19:13:22.453000
1174,5fbaa685-c8f9-4002-b964-5e99312d789f,user2@apromore.com,LAPTOP2,0.502,chrome,Recently Viewed | Cases | Salesforce - Google Chrome,https://apromore3-dev-ed.lightning.force.com/lightning/o/Case/home,Salesforce,Status On Hold,Salesforce | Recently Viewed,Salesforce | Recently Viewed,0,0,0,0,2025-06-11T19:13:22.472000,2025-06-11T19:13:22.974000
1174,5fbaa685-c8f9-4002-b964-5e99312d789f,user2@apromore.com,LAPTOP2,7.511,chrome,Recently Viewed | Cases | Salesforce - Google Chrome,https://apromore3-dev-ed.lightning.force.com/lightning/o/Case/list?filterName=__Recent,Salesforce,Status Waiting for Customer,Salesforce | Cases | Recently Viewed,Salesforce | Cases | Recently Viewed,0,0,0,0,2025-06-11T19:13:22.974000,2025-06-11T19:13:30.485000
1178,5fbaa685-c8f9-4002-b964-5e99312d789f,user2@apromore.com,LAPTOP2,0,chrome,Recently Viewed | Cases | Salesforce - Google Chrome,https://apromore3-dev-ed.lightning.force.com/lightning/o/Case/list?filterName=__Recent,Salesforce,Created.,Salesforce | Cases | Recently Viewed,Reports,0,0,0,0,2025-06-11T19:12:27.144000,2025-06-11T19:12:27.144000
1178,5fbaa685-c8f9-4002-b964-5e99312d789f,user2@apromore.com,LAPTOP2,1.208,chrome,Recently Viewed | Cases | Salesforce - Google Chrome,https://apromore3-dev-ed.lightning.force.com/lightning/o/Case/list?filterName=__Recent,Salesforce,Created.,Salesforce | Cases | Recently Viewed,Salesforce | Cases | Recently Viewed,1,0,0,0,2025-06-11T19:12:26.184000,2025-06-11T19:12:27.392000
1178,5fbaa685-c8f9-4002-b964-5e99312d789f,user2@apromore.com,LAPTOP2,0.532,chrome,Recently Viewed | Cases | Salesforce - Google Chrome,https://apromore3-dev-ed.lightning.force.com/lightning/o/Report/home?queryScope=mru,Salesforce,Created.,Salesforce | Recently Viewed | Reports,Salesforce | Recently Viewed | Reports,0,0,0,0,2025-06-11T19:12:27.721000,2025-06-11T19:12:28.253000
1178,5fbaa685-c8f9-4002-b964-5e99312d789f,user2@apromore.com,LAPTOP2,0,chrome,Recent | Reports | Salesforce - Google Chrome,https://apromore3-dev-ed.lightning.force.com/lightning/o/Report/home?queryScope=mru,Salesforce,Status Escalated,Salesforce | Reports,Dashboards,0,0,0,0,2025-06-11T19:12:28.653000,2025-06-11T19:12:28.653000
1178,5fbaa685-c8f9-4002-b964-5e99312d789f,user2@apromore.com,LAPTOP2,0.652,chrome,Recent | Reports | Salesforce - Google Chrome,https://apromore3-dev-ed.lightning.force.com/lightning/o/Report/home?queryScope=mru,Salesforce,Status Working,Salesforce | Reports,Salesforce | Reports,1,0,0,0,2025-06-11T19:12:28.253000,2025-06-11T19:12:28.905000
1178,5fbaa685-c8f9-4002-b964-5e99312d789f,user2@apromore.com,LAPTOP2,0,chrome,Recent | Dashboards | Salesforce - Google Chrome,https://apromore3-dev-ed.lightning.force.com/lightning/o/Dashboard/home?queryScope=mru,Salesforce,Status In Progress,Salesforce | Dashboards,Reports,0,0,0,0,2025-06-11T19:12:29.925000,2025-06-11T19:12:29.925000
1178,5fbaa685-c8f9-4002-b964-5e99312d789f,user2@apromore.com,LAPTOP2,0.956,chrome,Recent | Dashboards | Salesforce - Google Chrome,https://apromore3-dev-ed.lightning.force.com/lightning/o/Dashboard/home?queryScope=mru,Salesforce,Status Working,Salesforce | Dashboards,Salesforce | Dashboards,1,0,0,0,2025-06-11T19:12:29.226000,2025-06-11T19:12:30.182000
1178,5fbaa685-c8f9-4002-b964-5e99312d789f,user2@apromore.com,LAPTOP2,0,chrome,Recently Viewed | Cases | Salesforce - Google Chrome,https://apromore3-dev-ed.lightning.force.com/lightning/o/Case/list?filterName=__Recent,Salesforce,Status In Progress,Salesforce | Cases | Recently Viewed,00001178,0,0,0,0,2025-06-11T19:12:33.068000,2025-06-11T19:12:33.068000
1178,5fbaa685-c8f9-4002-b964-5e99312d789f,user2@apromore.com,LAPTOP2,1.863,chrome,Recently Viewed | Cases | Salesforce - Google Chrome,https://apromore3-dev-ed.lightning.force.com/lightning/o/Case/list?filterName=__Recent,Salesforce,Status On Hold,Salesforce | Cases | Recently Viewed,Salesforce | Cases | Recently Viewed,1,0,0,0,2025-06-11T19:12:31.448000,2025-06-11T19:12:33.311000
1178,5fbaa685-c8f9-4002-b964-5e99312d789f,user2@apromore.com,LAPTOP2,4.229,chrome,00001178 | Case | Salesforce - Google Chrome,https://apromore3-dev-ed.lightning.force.com/lightning/r/Case/500J300000E5HeiIAF/view,Salesforce,Status Escalated,Salesforce | Case,Salesforce | Case,2,0,0,0,2025-06-11T19:12:33.493000,2025-06-11T19:12:37.722000
1178,5fbaa685-c8f9-4002-b964-5e99312d789f,user2@apromore.com,LAPTOP2,0,chrome,Recently Viewed | Cases | Salesforce - Google Chrome,https://apromore3-dev-ed.lightning.force.com/lightning/o/Contact/list,Salesforce,Status Escalated,Salesforce | Contacts | Recently Viewed,Recently Viewed | Cases | Salesforce,0,0,0,0,2025-06-11T19:12:39.843000,2025-06-11T19:12:39.843000
1178,5fbaa685-c8f9-4002-b964-5e99312d789f,user2@apromore.com,LAPTOP2,0.568,chrome,Recently Viewed | Cases | Salesforce - Google Chrome,https://apromore3-dev-ed.lightning.force.com/lightning/o/Contact/list,Salesforce,Status Escalated,Salesforce | Contacts | Recently Viewed,Salesforce | Contacts | Recently Viewed,0,0,0,0,2025-06-11T19:12:39.778000,2025-06-11T19:12:40.346000
1178,5fbaa685-c8f9-4002-b964-5e99312d789f,user2@apromore.com,LAPTOP2,0,chrome,Recently Viewed | Accounts | Salesforce - Google Chrome,https://apromore3-dev-ed.lightning.force.com/lightning/o/Account/list?filterName=__Recent,Salesforce,Status On Hold,Salesforce | Accounts | Recently Viewed,Contacts,0,0,0,0,2025-06-11T19:12:44.038000,2025-06-11T19:12:44.038000
1178,5fbaa685-c8f9-4002-b964-5e99312d789f,user2@apromore.com,LAPTOP2,2.913,chrome,Recently Viewed | Accounts | Salesforce - Google Chrome,https://apromore3-dev-ed.lightning.force.com/lightning/o/Account/list?filterName=__Recent,Salesforce,Status On Hold,Salesforce | Accounts | Recently Viewed,Salesforce | Accounts | Recently Viewed,1,0,0,0,2025-06-11T19:12:41.364000,2025-06-11T19:12:44.277000
1178,5fbaa685-c8f9-4002-b964-5e99312d789f,user2@apromore.com,LAPTOP2,0,chrome,Recently Viewed | Contacts | Salesforce - Google Chrome,https://apromore3-dev-ed.lightning.force.com/lightning/o/Contact/list?filterName=__Recent,Salesforce,Status Waiting for Customer,Salesforce | Contacts | Recently Viewed,Cases,0,0,0,0,2025-06-11T19:12:45.505000,2025-06-11T19:12:45.505000
1178,5fbaa685-c8f9-4002-b964-5e99312d789f,user2@apromore.com,LAPTOP2,0.609,chrome,Recently Viewed | Contacts | Salesforce - Google Chrome,https://apromore3-dev-ed.lightning.force.com/lightning/o/Contact/list?filterName=__Recent,Salesforce,Status On Hold,Salesforce | Contacts | Recently Viewed,Salesforce | Contacts | Recently Viewed,1,0,0,0,2025-06-11T19:12:45.133000,2025-06-11T19:12:45.742000
1178,5fbaa685-c8f9-4002-b964-5e99312d789f,user2@apromore.com,LAPTOP2,0,chrome,Recently Viewed | Cases | Salesforce - Google Chrome,https://apromore3-dev-ed.lightning.force.com/lightning/o/Case/list?filterName=__Recent,Salesforce,Status Waiting for Customer,Salesforce | Cases | Recently Viewed,Reports,0,0,0,0,2025-06-11T19:12:46.816000,2025-06-11T19:12:46.816000
1178,5fbaa685-c8f9-4002-b964-5e99312d789f,user2@apromore.com,LAPTOP2,0.833,chrome,Recently Viewed | Cases | Salesforce - Google Chrome,https://apromore3-dev-ed.lightning.force.com/lightning/o/Case/list?filterName=__Recent,Salesforce,Status Waiting for Customer,Salesforce | Cases | Recently Viewed,Salesforce | Cases | Recently Viewed,1,0,0,0,2025-06-11T19:12:46.225000,2025-06-11T19:12:47.058000
1178,5fbaa685-c8f9-4002-b964-5e99312d789f,user2@apromore.com,LAPTOP2,0,chrome,Recent | Reports | Salesforce - Google Chrome,https://apromore3-dev-ed.lightning.force.com/lightning/o/Report/home?queryScope=mru,Salesforce,Status Response Received,Salesforce | Reports,Dashboards,0,0,0,0,2025-06-11T19:12:55.384000,2025-06-11T19:12:55.384000
1178,5fbaa685-c8f9-4002-b964-5e99312d789f,user2@apromore.com,LAPTOP2,8.267,chrome,Recent | Reports | Salesforce - Google Chrome,https://apromore3-dev-ed.lightning.force.com/lightning/o/Report/home?queryScope=mru,Salesforce,Status Response Received,Salesforce | Reports,Salesforce | Reports,1,0,0,0,2025-06-11T19:12:47.378000,2025-06-11T19:12:55.645000
1179,5fbaa685-c8f9-4002-b964-5e99312d789f,user2@apromore.com,LAPTOP2,5.897,chrome,00001179 | Case | Salesforce - Google Chrome,https://apromore3-dev-ed.lightning.force.com/lightning/r/Case/500J300000E5MwSIAV/view,Salesforce,Created.,Salesforce | Case,Salesforce | Case,0,0,0,0,2025-06-11T17:15:05.652000,2025-06-11T17:15:11.549000
1179,5fbaa685-c8f9-4002-b964-5e99312d789f,user2@apromore.com,LAPTOP2,0,chrome,00001179 | Case | Salesforce - Google Chrome,https://apromore3-dev-ed.lightning.force.com/lightning/r/Case/500J300000E5MwSIAV/view,Salesforce,Status Working,Salesforce | Case,Cases,0,0,0,0,2025-06-11T17:15:37.994000,2025-06-11T17:15:37.994000
1179,5fbaa685-c8f9-4002-b964-5e99312d789f,user2@apromore.com,LAPTOP2,5.538,chrome,00001179 | Case | Salesforce - Google Chrome,https://apromore3-dev-ed.lightning.force.com/lightning/r/Case/500J300000E5MwSIAV/view,Salesforce,Created.,Salesforce | Case,Salesforce | Case,3,0,0,0,2025-06-11T17:15:32.687000,2025-06-11T17:15:38.225000
1179,5fbaa685-c8f9-4002-b964-5e99312d789f,user2@apromore.com,LAPTOP2,0,EXCEL,Book2 - Excel,,Microsoft Excel,Status In Progress,Microsoft Excel,B9,0,0,0,0,2025-06-11T18:07:36.363000,2025-06-11T18:07:36.363000
1179,5fbaa685-c8f9-4002-b964-5e99312d789f,user2@apromore.com,LAPTOP2,0,EXCEL,Book2 - Excel,,Microsoft Excel,Status In Progress,Microsoft Excel,D11,0,0,0,0,2025-06-11T18:07:36.993000,2025-06-11T18:07:36.993000
1179,5fbaa685-c8f9-4002-b964-5e99312d789f,user2@apromore.com,LAPTOP2,0,EXCEL,Book2 - Excel,,Microsoft Excel,Status In Progress,Microsoft Excel,B6,0,0,0,0,2025-06-11T18:07:37.621000,2025-06-11T18:07:37.621000
1179,5fbaa685-c8f9-4002-b964-5e99312d789f,user2@apromore.com,LAPTOP2,0,EXCEL,Book2 - Excel,,Microsoft Excel,Status Response Received,Microsoft Excel,G13,0,0,0,0,2025-06-11T18:07:39.176000,2025-06-11T18:07:39.176000
1179,5fbaa685-c8f9-4002-b964-5e99312d789f,user2@apromore.com,LAPTOP2,0,EXCEL,Book2 - Excel,,Microsoft Excel,Status Response Received,Microsoft Excel,G9,0,0,0,0,2025-06-11T18:07:41.567000,2025-06-11T18:07:41.567000
1179,5fbaa685-c8f9-4002-b964-5e99312d789f,user2@apromore.com,LAPTOP2,0,EXCEL,Book2 - Excel,,Microsoft Excel,Status Waiting for Customer,Microsoft Excel,D13,0,0,0,0,2025-06-11T18:07:42.019000,2025-06-11T18:07:42.019000
1179,5fbaa685-c8f9-4002-b964-5e99312d789f,user2@apromore.com,LAPTOP2,0,EXCEL,Book2 - Excel,,Microsoft Excel,Status Waiting for Customer,Microsoft Excel,C10,0,0,0,0,2025-06-11T18:07:42.556000,2025-06-11T18:07:42.556000
1179,5fbaa685-c8f9-4002-b964-5e99312d789f,user2@apromore.com,LAPTOP2,0,chrome,00001179 | Case | Salesforce - Google Chrome,https://apromore3-dev-ed.lightning.force.com/lightning/r/Case/500J300000E5MwSIAV/view,Salesforce,Status Working,Salesforce | Case,Cases,0,0,0,0,2025-06-11T18:07:57.118000,2025-06-11T18:07:57.118000
1179,5fbaa685-c8f9-4002-b964-5e99312d789f,user2@apromore.com,LAPTOP2,1.788,chrome,00001179 | Case | Salesforce - Google Chrome,https://apromore3-dev-ed.lightning.force.com/lightning/r/Case/500J300000E5MwSIAV/view,Salesforce,Status Escalated,Salesforce | Case,Salesforce | Case,2,0,0,0,2025-06-11T18:07:55.567000,2025-06-11T18:07:57.355000
1179,5fbaa685-c8f9-4002-b964-5e99312d789f,user2@apromore.com,LAPTOP2,2.181,chrome,Recently Viewed | Cases | Salesforce - Google Chrome,https://apromore3-dev-ed.lightning.force.com/lightning/o/Case/list?filterName=__Recent,Salesforce,Status In Progress,Salesforce | Cases | Recently Viewed,Salesforce | Cases | Recently Viewed,0,0,0,0,2025-06-11T18:07:57.872000,2025-06-11T18:08:00.053000
1179,5fbaa685-c8f9-4002-b964-5e99312d789f,user2@apromore.com,LAPTOP2,0,chrome,Recently Viewed | Cases | Salesforce - Google Chrome,https://apromore3-dev-ed.lightning.force.com/lightning/o/Case/list?filterName=__Recent,Salesforce,Status In Progress,Salesforce | Cases | Recently Viewed,Contacts,0,0,0,0,2025-06-11T18:08:07.516000,2025-06-11T18:08:07.516000
1179,5fbaa685-c8f9-4002-b964-5e99312d789f,user2@apromore.com,LAPTOP2,1.567,chrome,Recently Viewed | Cases | Salesforce - Google Chrome,https://apromore3-dev-ed.lightning.force.com/lightning/o/Case/list?filterName=__Recent,Salesforce,Status On Hold,Salesforce | Cases | Recently Viewed,Salesforce | Cases | Recently Viewed,2,0,0,0,2025-06-11T18:08:06.201000,2025-06-11T18:08:07.768000
1179,5fbaa685-c8f9-4002-b964-5e99312d789f,user2@apromore.com,LAPTOP2,0,chrome,Recently Viewed | Cases | Salesforce - Google Chrome,https://apromore3-dev-ed.lightning.force.com/lightning/o/Contact/list,Salesforce,Status On Hold,Salesforce | Contacts | Recently Viewed,Recently Viewed | Cases | Salesforce,0,0,0,0,2025-06-11T18:08:08.273000,2025-06-11T18:08:08.273000
1179,5fbaa685-c8f9-4002-b964-5e99312d789f,user2@apromore.com,LAPTOP2,0.506,chrome,Recently Viewed | Cases | Salesforce - Google Chrome,https://apromore3-dev-ed.lightning.force.com/lightning/o/Contact/list,Salesforce,Status On Hold,Salesforce | Contacts | Recently Viewed,Salesforce | Contacts | Recently Viewed,0,0,0,0,2025-06-11T18:08:08.144000,2025-06-11T18:08:08.650000
1179,5fbaa685-c8f9-4002-b964-5e99312d789f,user2@apromore.com,LAPTOP2,0,chrome,Recently Viewed | Contacts | Salesforce - Google Chrome,https://apromore3-dev-ed.lightning.force.com/lightning/o/Contact/list?filterName=__Recent,Salesforce,Status Waiting for Customer,Salesforce | Contacts | Recently Viewed,Recently Viewed | Contacts | Salesforce,0,0,0,0,2025-06-11T18:08:10.491000,2025-06-11T18:08:10.491000
1179,5fbaa685-c8f9-4002-b964-5e99312d789f,user2@apromore.com,LAPTOP2,0,chrome,Recently Viewed | Contacts | Salesforce - Google Chrome,https://apromore3-dev-ed.lightning.force.com/lightning/o/Contact/list?filterName=__Recent,Salesforce,Status Response Received,Salesforce | Contacts | Recently Viewed,Cases,0,0,0,0,2025-06-11T18:08:14.354000,2025-06-11T18:08:14.354000
1179,5fbaa685-c8f9-4002-b964-5e99312d789f,user2@apromore.com,LAPTOP2,5.931,chrome,Recently Viewed | Contacts | Salesforce - Google Chrome,https://apromore3-dev-ed.lightning.force.com/lightning/o/Contact/list?filterName=__Recent,Salesforce,Status Waiting for Customer,Salesforce | Contacts | Recently Viewed,Salesforce | Contacts | Recently Viewed,3,0,0,0,2025-06-11T18:08:08.680000,2025-06-11T18:08:14.611000
1179,5fbaa685-c8f9-4002-b964-5e99312d789f,user2@apromore.com,LAPTOP2,0.807,chrome,Recently Viewed | Cases | Salesforce - Google Chrome,https://apromore3-dev-ed.lightning.force.com/lightning/o/Case/list?filterName=__Recent,Salesforce,Status Response Received,Salesforce | Cases | Recently Viewed,Salesforce | Cases | Recently Viewed,0,0,0,0,2025-06-11T18:08:15.115000,2025-06-11T18:08:15.922000
1182,5fbaa685-c8f9-4002-b964-5e99312d789f,user3@apromore.com,LAPTOP3,0,chrome,Recently Viewed | Cases | Salesforce - Google Chrome,https://apromore3-dev-ed.lightning.force.com/lightning/o/Case/list?filterName=__Recent,Salesforce,Created.,Salesforce | Cases | Recently Viewed,Home,0,0,0,0,2025-06-11T19:05:11.050000,2025-06-11T19:05:11.050000
1182,5fbaa685-c8f9-4002-b964-5e99312d789f,user3@apromore.com,LAPTOP3,14.258,chrome,Recently Viewed | Cases | Salesforce - Google Chrome,https://apromore3-dev-ed.lightning.force.com/lightning/o/Case/list?filterName=__Recent,Salesforce,Created.,Salesforce | Cases | Recently Viewed,Salesforce | Cases | Recently Viewed,6,0,0,0,2025-06-11T19:04:57.432000,2025-06-11T19:05:11.690000
1182,5fbaa685-c8f9-4002-b964-5e99312d789f,user3@apromore.com,LAPTOP3,16.065,chrome,Home | Salesforce - Google Chrome,https://apromore3-dev-ed.lightning.force.com/lightning/page/home,Salesforce,Created.,Salesforce | Home,Salesforce | Home,4,0,0,0,2025-06-11T19:05:11.872000,2025-06-11T19:05:27.937000
1182,5fbaa685-c8f9-4002-b964-5e99312d789f,user3@apromore.com,LAPTOP3,0,chrome,Home | Salesforce - Google Chrome,https://apromore3-dev-ed.lightning.force.com/lightning/o/Case/new?count=2&nooverride=1&useRecordTypeCheck=1&navigationLocation=LIST_VIEW&backgroundContext=%2Flightning%2Fpage%2Fhome,Salesforce,Status Working,Salesforce,Status,0,0,0,0,2025-06-11T19:05:28.739000,2025-06-11T19:05:28.739000
1182,5fbaa685-c8f9-4002-b964-5e99312d789f,user3@apromore.com,LAPTOP3,0.907,chrome,Home | Salesforce - Google Chrome,https://apromore3-dev-ed.lightning.force.com/lightning/o/Case/new?count=2&nooverride=1&useRecordTypeCheck=1&navigationLocation=LIST_VIEW&backgroundContext=%2Flightning%2Fpage%2Fhome,Salesforce,Created.,Salesforce,Salesforce,0,0,0,0,2025-06-11T19:05:27.937000,2025-06-11T19:05:28.844000
1182,5fbaa685-c8f9-4002-b964-5e99312d789f,user3@apromore.com,LAPTOP3,0,chrome,New Case | Salesforce - Google Chrome,https://apromore3-dev-ed.lightning.force.com/lightning/o/Case/new?count=2&nooverride=1&useRecordTypeCheck=1&navigationLocation=LIST_VIEW&backgroundContext=%2Flightning%2Fpage%2Fhome,Salesforce,Status Working,Salesforce | New,Case Origin,0,0,0,0,2025-06-11T19:05:31.855000,2025-06-11T19:05:31.855000
1182,5fbaa685-c8f9-4002-b964-5e99312d789f,user3@apromore.com,LAPTOP3,0,chrome,New Case | Salesforce - Google Chrome,https://apromore3-dev-ed.lightning.force.com/lightning/o/Case/new?count=2&nooverride=1&useRecordTypeCheck=1&navigationLocation=LIST_VIEW&backgroundContext=%2Flightning%2Fpage%2Fhome,Salesforce,Status In Progress,Salesforce | New,Case Origin,0,0,0,0,2025-06-11T19:05:34.434000,2025-06-11T19:05:34.434000
1182,5fbaa685-c8f9-4002-b964-5e99312d789f,user3@apromore.com,LAPTOP3,0,chrome,New Case | Salesforce - Google Chrome,https://apromore3-dev-ed.lightning.force.com/lightning/o/Case/new?count=2&nooverride=1&useRecordTypeCheck=1&navigationLocation=LIST_VIEW&backgroundContext=%2Flightning%2Fpage%2Fhome,Salesforce,Status On Hold,Salesforce | New,New Case | Salesforce,0,0,0,0,2025-06-11T19:05:42.145000,2025-06-11T19:05:42.145000
1182,5fbaa685-c8f9-4002-b964-5e99312d789f,user3@apromore.com,LAPTOP3,14.275,chrome,New Case | Salesforce - Google Chrome,https://apromore3-dev-ed.lightning.force.com/lightning/o/Case/new?count=2&nooverride=1&useRecordTypeCheck=1&navigationLocation=LIST_VIEW&backgroundContext=%2Flightning%2Fpage%2Fhome,Salesforce,Status Escalated,Salesforce | New,Salesforce | New,3,0,0,0,2025-06-11T19:05:28.844000,2025-06-11T19:05:43.119000
1182,5fbaa685-c8f9-4002-b964-5e99312d789f,user3@apromore.com,LAPTOP3,0.576,chrome,Lightning Experience | Salesforce - Google Chrome,https://apromore3-dev-ed.lightning.force.com/lightning/r/Case/500J300000Nc7yoIAB/view,Salesforce,Status In Progress,Salesforce,Salesforce,0,0,0,0,2025-06-11T19:05:43.296000,2025-06-11T19:05:43.872000
1182,5fbaa685-c8f9-4002-b964-5e99312d789f,user3@apromore.com,LAPTOP3,0,chrome,00001182 | Case | Salesforce - Google Chrome,https://apromore3-dev-ed.lightning.force.com/lightning/r/Case/500J300000Nc7yoIAB/view,Salesforce,Status Escalated,Salesforce | Case,Contacts,0,0,0,0,2025-06-11T19:06:28.658000,2025-06-11T19:06:28.658000
1182,5fbaa685-c8f9-4002-b964-5e99312d789f,user3@apromore.com,LAPTOP3,45.039,chrome,00001182 | Case | Salesforce - Google Chrome,https://apromore3-dev-ed.lightning.force.com/lightning/r/Case/500J300000Nc7yoIAB/view,Salesforce,Status Escalated,Salesforce | Case,Salesforce | Case,2,0,0,0,2025-06-11T19:05:43.872000,2025-06-11T19:06:28.911000
1182,5fbaa685-c8f9-4002-b964-5e99312d789f,user3@apromore.com,LAPTOP3,0,chrome,Recently Viewed | Cases | Salesforce - Google Chrome,https://apromore3-dev-ed.lightning.force.com/lightning/o/Contact/list,Salesforce,Status On Hold,Salesforce | Contacts | Recently Viewed,Recently Viewed | Cases | Salesforce,0,0,0,0,2025-06-11T19:06:29.320000,2025-06-11T19:06:29.320000
1182,5fbaa685-c8f9-4002-b964-5e99312d789f,user3@apromore.com,LAPTOP3,0.611,chrome,Recently Viewed | Cases | Salesforce - Google Chrome,https://apromore3-dev-ed.lightning.force.com/lightning/o/Contact/list,Salesforce,Status Escalated,Salesforce | Contacts | Recently Viewed,Salesforce | Contacts | Recently Viewed,0,0,0,0,2025-06-11T19:06:29.253000,2025-06-11T19:06:29.864000
1182,5fbaa685-c8f9-4002-b964-5e99312d789f,user3@apromore.com,LAPTOP3,0,chrome,Recently Viewed | Contacts | Salesforce - Google Chrome,https://apromore3-dev-ed.lightning.force.com/lightning/o/Contact/list?filterName=__Recent,Salesforce,Status On Hold,Salesforce | Contacts | Recently Viewed,Recently Viewed | Contacts | Salesforce,0,0,0,0,2025-06-11T19:06:33.862000,2025-06-11T19:06:33.862000
1182,5fbaa685-c8f9-4002-b964-5e99312d789f,user3@apromore.com,LAPTOP3,5.889,chrome,Recently Viewed | Contacts | Salesforce - Google Chrome,https://apromore3-dev-ed.lightning.force.com/lightning/o/Contact/list?filterName=__Recent,Salesforce,Status On Hold,Salesforce | Contacts | Recently Viewed,Salesforce | Contacts | Recently Viewed,2,0,0,0,2025-06-11T19:06:29.887000,2025-06-11T19:06:35.776000
1182,5fbaa685-c8f9-4002-b964-5e99312d789f,user3@apromore.com,LAPTOP3,0,chrome,All Contacts | Contacts | Salesforce - Google Chrome,https://apromore3-dev-ed.lightning.force.com/lightning/o/Contact/list?filterName=All_Contacts,Salesforce,Status Waiting for Customer,Salesforce | Contacts,All Contacts | Contacts | Salesforce,0,0,0,0,2025-06-11T19:06:38.507000,2025-06-11T19:06:38.507000
1182,5fbaa685-c8f9-4002-b964-5e99312d789f,user3@apromore.com,LAPTOP3,4.704,chrome,All Contacts | Contacts | Salesforce - Google Chrome,https://apromore3-dev-ed.lightning.force.com/lightning/o/Contact/list?filterName=All_Contacts,Salesforce,Status Waiting for Customer,Salesforce | Contacts,Salesforce | Contacts,2,0,0,0,2025-06-11T19:06:35.814000,2025-06-11T19:06:40.518000
1182,5fbaa685-c8f9-4002-b964-5e99312d789f,user3@apromore.com,LAPTOP3,0,chrome,Recently Viewed Contacts | Contacts | Salesforce - Google Chrome,https://apromore3-dev-ed.lightning.force.com/lightning/o/Contact/list?filterName=RecentlyViewedContacts,Salesforce,Status Response Received,Salesforce | Contacts,Recently Viewed Contacts | Contacts | Salesforce,0,0,0,0,2025-06-11T19:06:42.842000,2025-06-11T19:06:42.842000
1182,5fbaa685-c8f9-4002-b964-5e99312d789f,user3@apromore.com,LAPTOP3,3.856,chrome,Recently Viewed Contacts | Contacts | Salesforce - Google Chrome,https://apromore3-dev-ed.lightning.force.com/lightning/o/Contact/list?filterName=RecentlyViewedContacts,Salesforce,Status Waiting for Customer,Salesforce | Contacts,Salesforce | Contacts,2,0,0,0,2025-06-11T19:06:40.543000,2025-06-11T19:06:44.399000
1182,5fbaa685-c8f9-4002-b964-5e99312d789f,user3@apromore.com,LAPTOP3,0,chrome,Recently Viewed | Contacts | Salesforce - Google Chrome,https://apromore3-dev-ed.lightning.force.com/lightning/o/Contact/list?filterName=__Recent,Salesforce,Status Response Received,Salesforce | Contacts | Recently Viewed,Cases,0,0,0,0,2025-06-11T19:06:53.224000,2025-06-11T19:06:53.224000
1182,5fbaa685-c8f9-4002-b964-5e99312d789f,user3@apromore.com,LAPTOP3,9.013,chrome,Recently Viewed | Contacts | Salesforce - Google Chrome,https://apromore3-dev-ed.lightning.force.com/lightning/o/Contact/list?filterName=__Recent,Salesforce,Status Response Received,Salesforce | Contacts | Recently Viewed,Salesforce | Contacts | Recently Viewed,1,0,0,0,2025-06-11T19:06:44.452000,2025-06-11T19:06:53.465000
1183,5fbaa685-c8f9-4002-b964-5e99312d789f,user3@apromore.com,LAPTOP3,0,chrome,00001183 | Case | Salesforce - Google Chrome,https://apromore3-dev-ed.lightning.force.com/lightning/r/Case/500J300000Nc7zrIAB/view,Salesforce,Created.,Salesforce | Case,Contacts,0,0,0,0,2025-06-11T19:10:43.109000,2025-06-11T19:10:43.109000
1183,5fbaa685-c8f9-4002-b964-5e99312d789f,user3@apromore.com,LAPTOP3,6.472,chrome,00001183 | Case | Salesforce - Google Chrome,https://apromore3-dev-ed.lightning.force.com/lightning/r/Case/500J300000Nc7zrIAB/view,Salesforce,Created.,Salesforce | Case,Salesforce | Case,3,0,0,0,2025-06-11T19:10:36.886000,2025-06-11T19:10:43.358000
1183,5fbaa685-c8f9-4002-b964-5e99312d789f,user3@apromore.com,LAPTOP3,0,chrome,Recently Viewed | Accounts | Salesforce - Google Chrome,https://apromore3-dev-ed.lightning.force.com/lightning/o/Contact/list,Salesforce,Status Working,Salesforce | Contacts | Recently Viewed,Recently Viewed | Accounts | Salesforce,0,0,0,0,2025-06-11T19:10:43.736000,2025-06-11T19:10:43.736000
1183,5fbaa685-c8f9-4002-b964-5e99312d789f,user3@apromore.com,LAPTOP3,0.53,chrome,Recently Viewed | Accounts | Salesforce - Google Chrome,https://apromore3-dev-ed.lightning.force.com/lightning/o/Contact/list,Salesforce,Created.,Salesforce | Contacts | Recently Viewed,Salesforce | Contacts | Recently Viewed,0,0,0,0,2025-06-11T19:10:43.703000,2025-06-11T19:10:44.233000
1183,5fbaa685-c8f9-4002-b964-5e99312d789f,user3@apromore.com,LAPTOP3,0,chrome,Recently Viewed | Contacts | Salesforce - Google Chrome,https://apromore3-dev-ed.lightning.force.com/lightning/o/Contact/list?filterName=__Recent,Salesforce,Status Working,Salesforce | Contacts | Recently Viewed,Cases,0,0,0,0,2025-06-11T19:10:48.631000,2025-06-11T19:10:48.631000
1183,5fbaa685-c8f9-4002-b964-5e99312d789f,user3@apromore.com,LAPTOP3,4.643,chrome,Recently Viewed | Contacts | Salesforce - Google Chrome,https://apromore3-dev-ed.lightning.force.com/lightning/o/Contact/list?filterName=__Recent,Salesforce,Status Escalated,Salesforce | Contacts | Recently Viewed,Salesforce | Contacts | Recently Viewed,1,0,0,0,2025-06-11T19:10:44.247000,2025-06-11T19:10:48.890000
1183,5fbaa685-c8f9-4002-b964-5e99312d789f,user3@apromore.com,LAPTOP3,0,chrome,Recently Viewed | Cases | Salesforce - Google Chrome,https://apromore3-dev-ed.lightning.force.com/lightning/o/Case/list?filterName=__Recent,Salesforce,Status On Hold,Salesforce | Cases | Recently Viewed,00001183,0,0,0,0,2025-06-11T19:10:50.502000,2025-06-11T19:10:50.502000
1183,5fbaa685-c8f9-4002-b964-5e99312d789f,user3@apromore.com,LAPTOP3,1.378,chrome,Recently Viewed | Cases | Salesforce - Google Chrome,https://apromore3-dev-ed.lightning.force.com/lightning/o/Case/list?filterName=__Recent,Salesforce,Status In Progress,Salesforce | Cases | Recently Viewed,Salesforce | Cases | Recently Viewed,1,0,0,0,2025-06-11T19:10:49.375000,2025-06-11T19:10:50.753000
1183,5fbaa685-c8f9-4002-b964-5e99312d789f,user3@apromore.com,LAPTOP3,6.108,chrome,00001183 | Case | Salesforce - Google Chrome,https://apromore3-dev-ed.lightning.force.com/lightning/r/Case/500J300000Nc7zrIAB/view,Salesforce,Status In Progress,Salesforce | Case,Salesforce | Case,1,0,0,0,2025-06-11T19:10:50.931000,2025-06-11T19:10:57.039000
1183,5fbaa685-c8f9-4002-b964-5e99312d789f,user3@apromore.com,LAPTOP3,0,chrome,00001183 | Case | Salesforce - Google Chrome,https://apromore3-dev-ed.lightning.force.com/lightning/r/Case/500J300000Nc7zrIAB/edit?count=3&backgroundContext=%2Flightning%2Fr%2FCase%2F500J300000Nc7zrIAB%2Fview,Salesforce,Status Escalated,Salesforce | Case,Status,0,0,0,0,2025-06-11T19:10:57.520000,2025-06-11T19:10:57.520000
1183,5fbaa685-c8f9-4002-b964-5e99312d789f,user3@apromore.com,LAPTOP3,0.581,chrome,00001183 | Case | Salesforce - Google Chrome,https://apromore3-dev-ed.lightning.force.com/lightning/r/Case/500J300000Nc7zrIAB/edit?count=3&backgroundContext=%2Flightning%2Fr%2FCase%2F500J300000Nc7zrIAB%2Fview,Salesforce,Status Escalated,Salesforce | Case,Salesforce | Case,0,0,0,0,2025-06-11T19:10:57.039000,2025-06-11T19:10:57.620000
1183,5fbaa685-c8f9-4002-b964-5e99312d789f,user3@apromore.com,LAPTOP3,3.859,chrome,Edit 00001183 | Salesforce - Google Chrome,https://apromore3-dev-ed.lightning.force.com/lightning/r/Case/500J300000Nc7zrIAB/edit?count=3&backgroundContext=%2Flightning%2Fr%2FCase%2F500J300000Nc7zrIAB%2Fview,Salesforce,Status Escalated,Salesforce,Salesforce,1,0,0,0,2025-06-11T19:10:57.620000,2025-06-11T19:11:01.479000
1183,5fbaa685-c8f9-4002-b964-5e99312d789f,user3@apromore.com,LAPTOP3,0,chrome,00001183 | Case | Salesforce - Google Chrome,https://apromore3-dev-ed.lightning.force.com/lightning/r/Case/500J300000Nc7zrIAB/view,Salesforce,Status On Hold,Salesforce | Case,Reports,0,0,0,0,2025-06-11T19:11:02.398000,2025-06-11T19:11:02.398000
1183,5fbaa685-c8f9-4002-b964-5e99312d789f,user3@apromore.com,LAPTOP3,1.144,chrome,00001183 | Case | Salesforce - Google Chrome,https://apromore3-dev-ed.lightning.force.com/lightning/r/Case/500J300000Nc7zrIAB/view,Salesforce,Status On Hold,Salesforce | Case,Salesforce | Case,1,0,0,0,2025-06-11T19:11:01.497000,2025-06-11T19:11:02.641000
1183,5fbaa685-c8f9-4002-b964-5e99312d789f,user3@apromore.com,LAPTOP3,0.535,chrome,Lightning Experience | Salesforce - Google Chrome,https://apromore3-dev-ed.lightning.force.com/lightning/o/Report/home?queryScope=mru,Salesforce,Status On Hold,Salesforce | Reports,Salesforce | Reports,0,0,0,0,2025-06-11T19:11:02.991000,2025-06-11T19:11:03.526000
1183,5fbaa685-c8f9-4002-b964-5e99312d789f,user3@apromore.com,LAPTOP3,0.537,chrome,Lightning Experience | Salesforce - Google Chrome,https://apromore3-dev-ed.lightning.force.com/lightning/o/Dashboard/home?queryScope=mru,Salesforce,Status Waiting for Customer,Salesforce | Dashboards,Salesforce | Dashboards,0,0,0,0,2025-06-11T19:11:04.281000,2025-06-11T19:11:04.818000
1183,5fbaa685-c8f9-4002-b964-5e99312d789f,user3@apromore.com,LAPTOP3,0,chrome,Recent | Dashboards | Salesforce - Google Chrome,https://apromore3-dev-ed.lightning.force.com/lightning/o/Dashboard/home?queryScope=mru,Salesforce,Status Waiting for Customer,Salesforce | Dashboards,Reports,0,0,0,0,2025-06-11T19:11:09.068000,2025-06-11T19:11:09.068000
1183,5fbaa685-c8f9-4002-b964-5e99312d789f,user3@apromore.com,LAPTOP3,4.497,chrome,Recent | Dashboards | Salesforce - Google Chrome,https://apromore3-dev-ed.lightning.force.com/lightning/o/Dashboard/home?queryScope=mru,Salesforce,Status Waiting for Customer,Salesforce | Dashboards,Salesforce | Dashboards,1,0,0,0,2025-06-11T19:11:04.818000,2025-06-11T19:11:09.315000
1183,5fbaa685-c8f9-4002-b964-5e99312d789f,user3@apromore.com,LAPTOP3,0,chrome,Recent | Reports | Salesforce - Google Chrome,https://apromore3-dev-ed.lightning.force.com/lightning/o/Report/home?queryScope=mru,Salesforce,Status Response Received,Salesforce | Reports,Cases,0,0,0,0,2025-06-11T19:12:25.409000,2025-06-11T19:12:25.409000
1183,5fbaa685-c8f9-4002-b964-5e99312d789f,user3@apromore.com,LAPTOP3,76.004,chrome,Recent | Reports | Salesforce - Google Chrome,https://apromore3-dev-ed.lightning.force.com/lightning/o/Report/home?queryScope=mru,Salesforce,Status Response Received,Salesforce | Reports,Salesforce | Reports,1,0,0,0,2025-06-11T19:11:09.634000,2025-06-11T19:12:25.638000
1183,5fbaa685-c8f9-4002-b964-5e99312d789f,user3@apromore.com,LAPTOP3,0.523,chrome,Recently Viewed | Cases | Salesforce - Google Chrome,https://apromore3-dev-ed.lightning.force.com/lightning/o/Case/home,Salesforce,Status Response Received,Salesforce | Recently Viewed,Salesforce | Recently Viewed,0,0,0,0,2025-06-11T19:12:25.661000,2025-06-11T19:12:26.184000
